Kod,DataKod,Rok,Miesiac,Dzien,Rok_Prod,Waga,Wilg,Olej
190525,2019-05,19,5,25,18,2174,6.27199946299261,2.475
190529,2019-05,19,5,29,18,1351.8,6.27199946299261,2.37
190530,2019-05,19,5,30,18,1820.4,6.27199946299261,2.37
190531,2019-05,19,5,31,18,1075.4,6.27199946299261,2.32
190601,2019-06,19,6,1,18,322.2,6.27199946299261,2.1
190603,2019-06,19,6,3,18,848.6,6.27199946299261,2.42
190604,2019-06,19,6,4,18,480.8,6.27199946299261,2.1
190606,2019-06,19,6,6,18,1221,6.27199946299261,1.65
190608,2019-06,19,6,8,18,733.6,6.27199946299261,1.73
190611,2019-06,19,6,11,18,862.6,6.27199946299261,1.74
190613,2019-06,19,6,13,18,995,6.27199946299261,2.3
190615,2019-06,19,6,15,18,1170.6,6.27199946299261,2.605
190618,2019-06,19,6,18,18,536.2,6.27199946299261,2.25
190619,2019-06,19,6,19,18,1107.2,6.27199946299261,2.3
190624,2019-06,19,6,24,18,2177.6,6.27199946299261,2.02
190629,2019-06,19,6,29,18,441,6.27199946299261,2.68
190703,2019-07,19,7,3,18,991.6,6.27199946299261,2.07
190705,2019-07,19,7,5,18,1218.8,6.27199946299261,1.4
190706,2019-07,19,7,6,18,1075.4,6.27199946299261,2.23
190716,2019-07,19,7,16,18,1197,6.27199946299261,1.56
190809,2019-08,19,8,9,18,917,6.27199946299261,2.44
190824,2019-08,19,8,24,18,648,6.27199946299261,2.82
190826,2019-08,19,8,26,18,627.4,6.27199946299261,2.82
190827,2019-08,19,8,27,18,1169.2,6.27199946299261,2.46
190828,2019-08,19,8,28,18,673.8,6.27199946299261,2.82
190829,2019-08,19,8,29,18,696.8,6.27199946299261,2.82
190830,2019-08,19,8,30,18,623.7,6.27199946299261,2.82
190831,2019-08,19,8,31,18,934,6.27199946299261,2.82
190902,2019-09,19,9,2,18,714.8,6.27199946299261,2.82
190903,2019-09,19,9,3,18,607.2,6.27199946299261,2.82
190904,2019-09,19,9,4,18,835.1,6.27199946299261,2.82
190905,2019-09,19,9,5,18,590.6,6.27199946299261,2.82
190910,2019-09,19,9,10,18,1355.1,6.27199946299261,2.82
190912,2019-09,19,9,12,18,322.6,6.27199946299261,2.82
190916,2019-09,19,9,16,19,854.5,6.27199946299261,2.745
190917,2019-09,19,9,17,19,1031,6.27199946299261,2.51
190918,2019-09,19,9,18,19,1185,6.27199946299261,2.53
190919,2019-09,19,9,19,19,1388.7,6.27199946299261,2.67
190920,2019-09,19,9,20,19,1270.4,6.27199946299261,2.445
190921,2019-09,19,9,21,19,2022.8,6.27199946299261,2.43333333333333
190923,2019-09,19,9,23,19,3009.3,6.27199946299261,2.9
190924,2019-09,19,9,24,19,1875.6,6.27199946299261,2.92
190925,2019-09,19,9,25,19,1742.6,6.27199946299261,2.795
190926,2019-09,19,9,26,19,2797.4,6.27199946299261,2.57666666666667
190927,2019-09,19,9,27,19,2229,6.27199946299261,2.64333333333333
190928,2019-09,19,9,28,19,1176,6.27199946299261,2.675
190930,2019-09,19,9,30,19,1851,6.27199946299261,2.35
191001,2019-10,19,10,1,19,2802.6,6.27199946299261,2.74
191002,2019-10,19,10,2,19,2444.4,6.27199946299261,2.5675
191003,2019-10,19,10,3,19,2244.8,6.27199946299261,2.4275
191004,2019-10,19,10,4,19,2026.8,6.27199946299261,2.71
191005,2019-10,19,10,5,19,2412.2,6.27199946299261,2.57
191007,2019-10,19,10,7,19,3101,6.27199946299261,2.43666666666667
191008,2019-10,19,10,8,19,1290.2,6.27199946299261,2.38
191009,2019-10,19,10,9,19,2662,6.27199946299261,2.5425
191010,2019-10,19,10,10,19,1725.4,6.27199946299261,2.11333333333333
191011,2019-10,19,10,11,19,2979.2,6.27199946299261,2.372
191012,2019-10,19,10,12,19,2591.6,6.27199946299261,2.0925
191014,2019-10,19,10,14,19,2294.4,6.27199946299261,2.3
191015,2019-10,19,10,15,19,2501.4,6.27199946299261,2.3175
191016,2019-10,19,10,16,19,2022.4,6.27199946299261,2.32666666666667
191017,2019-10,19,10,17,19,2395.6,6.27199946299261,2.39333333333333
191018,2019-10,19,10,18,19,2230.8,6.27199946299261,2.075
191019,2019-10,19,10,19,19,4001,6.27199946299261,2.28
191021,2019-10,19,10,21,19,3813,6.27199946299261,2.08666666666667
191022,2019-10,19,10,22,19,3041.4,6.27199946299261,2.45
191023,2019-10,19,10,23,19,2838.6,6.27199946299261,2.48666666666667
191024,2019-10,19,10,24,19,3701,6.27199946299261,2.28
191025,2019-10,19,10,25,19,1576.4,6.27199946299261,1.945
191026,2019-10,19,10,26,19,2847.4,6.27199946299261,2.234
191028,2019-10,19,10,28,19,2047,6.27199946299261,2.42
191029,2019-10,19,10,29,19,1813.6,6.27199946299261,2.3
191030,2019-10,19,10,30,19,3443.2,6.27199946299261,2.13
191031,2019-10,19,10,31,19,3053.8,6.27199946299261,2.16
191104,2019-11,19,11,4,19,3439,6.27199946299261,2.3175
191105,2019-11,19,11,5,19,3193.8,6.27199946299261,2.2325
191106,2019-11,19,11,6,19,2748.4,6.27199946299261,2.12
191107,2019-11,19,11,7,19,2942.4,6.27199946299261,1.95
191108,2019-11,19,11,8,19,3171.8,6.27199946299261,2.07666666666667
191109,2019-11,19,11,9,19,1681.4,6.27199946299261,2.18
191112,2019-11,19,11,12,19,2568.8,6.27199946299261,2.48
191113,2019-11,19,11,13,19,3087.4,6.27199946299261,2.295
191114,2019-11,19,11,14,19,3608.6,6.27199946299261,1.8325
191115,2019-11,19,11,15,19,2379.2,6.27199946299261,2.31666666666667
191116,2019-11,19,11,16,19,3178.6,6.27199946299261,2.2975
191118,2019-11,19,11,18,19,3919.6,6.27199946299261,1.945
191119,2019-11,19,11,19,19,4178.4,6.27199946299261,2.2775
191120,2019-11,19,11,20,19,3996.2,5.8,2.0175
191121,2019-11,19,11,21,19,3162.8,5.45,2.39
191122,2019-11,19,11,22,19,3342,5.53333333333333,2.27333333333333
191123,2019-11,19,11,23,19,4622.9,5.52,2.204
191125,2019-11,19,11,25,19,2359.6,6.8,2.25333333333333
191126,2019-11,19,11,26,19,3355.8,6.425,2.1
191127,2019-11,19,11,27,19,2902,6.1,2.26333333333333
191128,2019-11,19,11,28,19,3109.2,6.125,2.505
191129,2019-11,19,11,29,19,2981,5.6,2.15
191130,2019-11,19,11,30,19,5285.6,5.35,2.046
191202,2019-12,19,12,2,19,3312.6,5.75,2.3575
191203,2019-12,19,12,3,19,3965.4,6.5,2.35333333333333
191204,2019-12,19,12,4,19,3101.4,5.63333333333333,2.29666666666667
191205,2019-12,19,12,5,19,3375.8,5.85,2.45
191206,2019-12,19,12,6,19,2094.6,6.13333333333333,2.27
191207,2019-12,19,12,7,19,2582.2,6.1,2.29
191209,2019-12,19,12,9,19,4291.4,6.25,2.435
191210,2019-12,19,12,10,19,2951.8,5.93333333333333,2.35333333333333
191211,2019-12,19,12,11,19,3854.4,6.2,2.11333333333333
191212,2019-12,19,12,12,19,2664.4,6.125,2.5525
191213,2019-12,19,12,13,19,3455.6,6.775,2.3775
191214,2019-12,19,12,14,19,2693.6,6.26666666666667,2.30333333333333
191216,2019-12,19,12,16,19,2035.5,6.43333333333333,2.62
191217,2019-12,19,12,17,19,2635.8,5.83333333333333,2.31333333333333
191218,2019-12,19,12,18,19,2222.9,6.06666666666667,1.92
191219,2019-12,19,12,19,19,2506.2,6.43333333333333,2.26
191220,2019-12,19,12,20,19,2987.9,5.56666666666667,2.36333333333333
191221,2019-12,19,12,21,19,2676.8,6.16666666666667,2.35666666666667
191223,2019-12,19,12,23,19,2956.4,5.8,2.04
191227,2019-12,19,12,27,19,884,7.2,2.62
191228,2019-12,19,12,28,19,871,6.5,2.56
191230,2019-12,19,12,30,19,2426.6,6.6,2.51
191231,2019-12,19,12,31,19,2945,6.1,2.575
200104,2020-01,20,1,4,19,1959.8,5.95,1.995
200107,2020-01,20,1,7,19,578,7.3,2.47
200108,2020-01,20,1,8,19,3583,6.5,2.45666666666667
200109,2020-01,20,1,9,19,2107.8,5.93333333333333,1.93
200110,2020-01,20,1,10,19,3453.4,6.8,2.4725
200111,2020-01,20,1,11,19,3242,5.75,2.3325
200113,2020-01,20,1,13,19,3314.2,6.43333333333333,2.5
200114,2020-01,20,1,14,19,3950.6,6.025,2.355
200115,2020-01,20,1,15,19,2469.6,6.26666666666667,2.52
200116,2020-01,20,1,16,19,3404.6,6.4,2.475
200117,2020-01,20,1,17,19,2927.6,6.1,2.16333333333333
200118,2020-01,20,1,18,19,2202.2,6.06666666666667,2.66333333333333
200120,2020-01,20,1,20,19,3107.4,6.23333333333333,2.09666666666667
200121,2020-01,20,1,21,19,3856,6.35,2.465
200122,2020-01,20,1,22,19,3249.8,6.45,2.3975
200123,2020-01,20,1,23,19,3533.4,5.725,2.0975
200124,2020-01,20,1,24,19,4025.2,5.975,2.1825
200125,2020-01,20,1,25,19,4246.2,6,2.06
200127,2020-01,20,1,27,19,3088,6.1,2.335
200128,2020-01,20,1,28,19,3351.2,6.13333333333333,2.04666666666667
200129,2020-01,20,1,29,19,4297.6,6.38,2.148
200130,2020-01,20,1,30,19,2730.6,7.13333333333333,2.62
200131,2020-01,20,1,31,19,3384,6.27199946299261,2.44
200201,2020-02,20,2,1,19,1835.6,6.6,2.4
200203,2020-02,20,2,3,19,3250.3,6.175,2.2975
200204,2020-02,20,2,4,19,3402.8,6.6,2.2275
200205,2020-02,20,2,5,19,4375.4,5.175,2.3525
200206,2020-02,20,2,6,19,3674.8,6.225,2.135
200207,2020-02,20,2,7,19,3276.8,5.875,2.2025
200208,2020-02,20,2,8,19,3442.6,6.33333333333333,2.33333333333333
200210,2020-02,20,2,10,19,3450.6,6.25,2.38
200211,2020-02,20,2,11,19,3368.8,6.15,2.26
200212,2020-02,20,2,12,19,3220.8,6.93333333333333,2.47
200213,2020-02,20,2,13,19,2454.4,5.96666666666667,2.34
200214,2020-02,20,2,14,19,3409.8,5.875,2.3625
200215,2020-02,20,2,15,19,3316.6,6.1,2.19
200217,2020-02,20,2,17,19,3155.6,6.675,2.19
200218,2020-02,20,2,18,19,2985,6.25,2.2525
200219,2020-02,20,2,19,19,2934.8,6.13333333333333,2.56
200220,2020-02,20,2,20,19,3713,6.8,2.6925
200221,2020-02,20,2,21,19,4032.1,6.56,2.31
200222,2020-02,20,2,22,19,2049.2,6.76666666666667,2.48
200224,2020-02,20,2,24,19,2463.8,7.575,2.1975
200225,2020-02,20,2,25,19,3284.8,7.5,2.76
200226,2020-02,20,2,26,19,3561.2,6.75,2.03
200227,2020-02,20,2,27,19,3240.8,6.225,2.395
200228,2020-02,20,2,28,19,4330,6.175,2.4625
200229,2020-02,20,2,29,19,3196.8,6.45,2.6125
200302,2020-03,20,3,2,19,1943.2,7.43333333333333,2.26333333333333
200303,2020-03,20,3,3,19,4607.2,6.62,2.508
200304,2020-03,20,3,4,19,4161.8,6.025,2.4275
200305,2020-03,20,3,5,19,2481.2,6,2.31
200306,2020-03,20,3,6,19,3233,5.93333333333333,2.44333333333333
200307,2020-03,20,3,7,19,3981.8,6.325,2.4975
200309,2020-03,20,3,9,19,2935.6,6.6,2.1775
200310,2020-03,20,3,10,19,2630.8,5.76666666666667,2.33666666666667
200311,2020-03,20,3,11,19,4195.2,6.7,2.245
200312,2020-03,20,3,12,19,4184.6,6.4,2.4
200313,2020-03,20,3,13,19,2974,5.53333333333333,2.13333333333333
200314,2020-03,20,3,14,19,2653.4,6.56666666666667,2.23666666666667
200316,2020-03,20,3,16,19,3876.8,5.3,2.075
200317,2020-03,20,3,17,19,2551.8,5.5,2.15
200318,2020-03,20,3,18,19,2523,6.66666666666667,2.81333333333333
200319,2020-03,20,3,19,19,2686.4,6.43333333333333,2.59666666666667
200320,2020-03,20,3,20,19,2858,5.63333333333333,2.16666666666667
200321,2020-03,20,3,21,19,3250.4,6.15,2.165
200323,2020-03,20,3,23,19,2733.8,5.96666666666667,2.14333333333333
200324,2020-03,20,3,24,19,3452.6,6.225,2.145
200326,2020-03,20,3,26,19,2511,6.16666666666667,2.34
200327,2020-03,20,3,27,19,2312.6,6.26666666666667,2.21333333333333
200328,2020-03,20,3,28,19,2512.4,6.6,2.29
200330,2020-03,20,3,30,19,1911.8,6.76666666666667,2.35
200331,2020-03,20,3,31,19,2887.8,6.56666666666667,2.32666666666667
200401,2020-04,20,4,1,19,2387.8,6.2,1.99333333333333
200402,2020-04,20,4,2,19,2885.6,6.23333333333333,2.29
200403,2020-04,20,4,3,19,2020.4,5.85,2.105
200404,2020-04,20,4,4,19,4632.6,7.475,2.3225
200406,2020-04,20,4,6,19,1465.2,6.55,2.335
200407,2020-04,20,4,7,19,2226,5.8,2.4
200408,2020-04,20,4,8,19,2732.8,6.63333333333333,2.52666666666667
200409,2020-04,20,4,9,19,1787.2,6.35,2.615
200414,2020-04,20,4,14,19,670.4,7.1,2.31
200415,2020-04,20,4,15,19,3558.2,7.375,2.3525
200416,2020-04,20,4,16,19,1944,6.55,2.27
200417,2020-04,20,4,17,19,2632.2,7.06666666666667,2.36666666666667
200418,2020-04,20,4,18,19,2845.4,6.66666666666667,2.24333333333333
200420,2020-04,20,4,20,19,3387.8,6.73333333333333,2.15666666666667
200421,2020-04,20,4,21,19,2746.6,6.6,2.24333333333333
200422,2020-04,20,4,22,19,3337.8,6.5,2.0525
200423,2020-04,20,4,23,19,2236.8,6.8,2.24666666666667
200424,2020-04,20,4,24,19,2640.2,6.16666666666667,2.41666666666667
200425,2020-04,20,4,25,19,3183.2,7.1,1.82
200427,2020-04,20,4,27,19,2303.6,6.85,2.295
200428,2020-04,20,4,28,19,3757.2,6.125,1.97
200429,2020-04,20,4,29,19,3113.2,6.13333333333333,2.18333333333333
200430,2020-04,20,4,30,19,2374,7.4,2.22333333333333
200501,2020-05,20,5,1,19,2303.4,8.2,2.35666666666667
200502,2020-05,20,5,2,19,3092.2,6.25,2.475
200504,2020-05,20,5,4,19,2759,7.2,2.45
200505,2020-05,20,5,5,19,2034.2,7.425,2.4025
200506,2020-05,20,5,6,19,4836.4,6.8,2.425
200507,2020-05,20,5,7,19,3404,6.8,2.3025
200508,2020-05,20,5,8,19,2640,6.675,1.965
200509,2020-05,20,5,9,19,2761.2,6.3,2.2525
200511,2020-05,20,5,11,19,2395.4,6.8,2.50666666666667
200512,2020-05,20,5,12,19,2465.6,6.16666666666667,2.39333333333333
200513,2020-05,20,5,13,19,1755.2,8.1,1.99
200514,2020-05,20,5,14,19,2678.8,6.8,2.43
200515,2020-05,20,5,15,19,2280.4,7.06666666666667,2.57
200516,2020-05,20,5,16,19,4593.4,6.28,2.238
200518,2020-05,20,5,18,19,1405.4,7,2.075
200519,2020-05,20,5,19,19,2444,6.93333333333333,2.04333333333333
200520,2020-05,20,5,20,19,2864.4,6.3,2.54
200521,2020-05,20,5,21,19,4641.5,6.25,2.30333333333333
200522,2020-05,20,5,22,19,5753,6.84285714285714,2.31285714285714
200523,2020-05,20,5,23,19,4778.4,6.12,2.184
200525,2020-05,20,5,25,19,3954.8,7.3,2.3
200526,2020-05,20,5,26,19,1349.2,6.6,1.94
200527,2020-05,20,5,27,19,1871.2,6.83333333333333,2.45666666666667
200528,2020-05,20,5,28,19,2403.8,6.76666666666667,2.35333333333333
200529,2020-05,20,5,29,19,2464.8,6.7,2.46
200530,2020-05,20,5,30,19,4307.6,7.25,2.16
200602,2020-06,20,6,2,19,3710.2,6.45,2.325
200603,2020-06,20,6,3,19,4447.2,8.16666666666667,1.97666666666667
200604,2020-06,20,6,4,19,2837.6,6.8,2.275
200605,2020-06,20,6,5,19,2988,6.75,2.18
200606,2020-06,20,6,6,19,1314,6.8,3
200608,2020-06,20,6,8,19,2510.8,7.05,2.45
200609,2020-06,20,6,9,19,877.2,8.2,1.91
200610,2020-06,20,6,10,19,2218,7.2,2.54
200612,2020-06,20,6,12,19,5503.2,7,1.885
200613,2020-06,20,6,13,19,3672.6,6.325,1.94
200615,2020-06,20,6,15,19,6276.2,7.35,2.145
200616,2020-06,20,6,16,19,2092,7.33333333333333,2.14666666666667
200617,2020-06,20,6,17,19,2008.2,7.1,2.31
200618,2020-06,20,6,18,19,2150,5.7,2.56
200619,2020-06,20,6,19,19,1159,6.5,2.05
200623,2020-06,20,6,23,19,1932.8,6.6,2.23
200624,2020-06,20,6,24,19,2139.2,6.7,2.26
200627,2020-06,20,6,27,19,1790,6.6,2.105
200709,2020-07,20,7,9,19,2628.4,6.7,2.21
200710,2020-07,20,7,10,19,3132.4,6.3,2.19
200824,2020-08,20,8,24,19,365,6.7,3.59
200825,2020-08,20,8,25,19,575,7,3.22
200826,2020-08,20,8,26,19,510.4,8,3.53
200827,2020-08,20,8,27,19,540.2,6.8,3.26
200828,2020-08,20,8,28,19,2211,6.15,2.58
200830,2020-08,20,8,30,19,865,5.9,2.66
200831,2020-08,20,8,31,19,497.8,6.7,2.31
200901,2020-09,20,9,1,19,589,7.8,2.79
200902,2020-09,20,9,2,19,617.4,6.7,2.39
200903,2020-09,20,9,3,19,298,6.3,2.6
200904,2020-09,20,9,4,19,455,6.7,2.63
200908,2020-09,20,9,8,19,477.8,7,2.67
200910,2020-09,20,9,10,19,469.2,7.8,2.71
200912,2020-09,20,9,12,19,436.2,6.3,2.85
200917,2020-09,20,9,17,20,513.6,6.9,2.06
200918,2020-09,20,9,18,20,1470,5.95,2.53
200919,2020-09,20,9,19,20,1320,5.6,2.6
200921,2020-09,20,9,21,20,1893.2,5.1,2.05
200922,2020-09,20,9,22,20,1373.6,5.6,2.24
200923,2020-09,20,9,23,20,1397.6,6.05,2.34
200924,2020-09,20,9,24,20,1862.8,5.93333333333333,2.05
200925,2020-09,20,9,25,20,3123.8,5.4,2.31
200926,2020-09,20,9,26,20,2686.8,6.06666666666667,2.39333333333333
200928,2020-09,20,9,28,20,1427,5.3,2.065
200929,2020-09,20,9,29,20,1939.6,6.73333333333333,2.51333333333333
200930,2020-09,20,9,30,20,657.8,6,2.78
201001,2020-10,20,10,1,20,2004.6,6.56666666666667,2.33333333333333
201002,2020-10,20,10,2,20,3182.4,6,2.28
201003,2020-10,20,10,3,20,3154,6.675,2.3975
201004,2020-10,20,10,4,20,862,6.5,2.67
201005,2020-10,20,10,5,20,2663.4,6.7,1.9475
201006,2020-10,20,10,6,20,2396.2,5.96666666666667,2.13666666666667
201007,2020-10,20,10,7,20,2423.2,6.5,2.4875
201008,2020-10,20,10,8,20,3072.8,6.225,2.4475
201009,2020-10,20,10,9,20,2349.4,5.975,2.365
201010,2020-10,20,10,10,20,2340,6.26666666666667,1.96333333333333
201012,2020-10,20,10,12,20,3218.8,6.575,2.3075
201013,2020-10,20,10,13,20,2789.6,6.05,2.3025
201014,2020-10,20,10,14,20,3347.2,5.225,2.2425
201015,2020-10,20,10,15,20,3632.6,5.32,1.89
201016,2020-10,20,10,16,20,3060.8,5.7,2.2825
201017,2020-10,20,10,17,20,3124.8,5.62,2.128
201019,2020-10,20,10,19,20,3119.8,6.725,2.325
201020,2020-10,20,10,20,20,860,6.7,2
201021,2020-10,20,10,21,20,1111.8,4.4,2.12
201022,2020-10,20,10,22,20,2023.4,5.7,1.86
201023,2020-10,20,10,23,20,1544.4,5.63333333333333,1.97666666666667
201024,2020-10,20,10,24,20,1557.6,5.66666666666667,1.81
201026,2020-10,20,10,26,20,3020.6,7.4,2.1075
201027,2020-10,20,10,27,20,2534.2,5.75,2.1925
201028,2020-10,20,10,28,20,3169.8,5.975,2.35
201029,2020-10,20,10,29,20,3168.2,5.65,1.91
201030,2020-10,20,10,30,20,2203.3,5.73333333333333,2.32333333333333
201031,2020-10,20,10,31,20,3045.8,5.975,2.055
201103,2020-11,20,11,3,20,3006,7.075,2.46
201104,2020-11,20,11,4,20,3454.3,6.78,1.758
201105,2020-11,20,11,5,20,3250,5.675,1.9325
201106,2020-11,20,11,6,20,2858.8,5.4,2.27
201107,2020-11,20,11,7,20,2517.2,6.1,2.0925
201109,2020-11,20,11,9,20,3673.3,6.075,2.3475
201110,2020-11,20,11,10,20,2844.6,5.5,2.0625
201112,2020-11,20,11,12,20,2865.6,5.55,2.0525
201113,2020-11,20,11,13,20,3294,5.85,2.1475
201114,2020-11,20,11,14,20,2527.8,5.675,2.06
201116,2020-11,20,11,16,20,3623.6,5.675,1.93
201117,2020-11,20,11,17,20,3037.2,6,2.01
201118,2020-11,20,11,18,20,3095.2,5.95,2.27
201119,2020-11,20,11,19,20,2879.4,5.35,2.1625
201120,2020-11,20,11,20,20,3171.8,5.5,1.775
201121,2020-11,20,11,21,20,3178.4,5.225,2.1275
201123,2020-11,20,11,23,20,3476,5.75,2.0975
201124,2020-11,20,11,24,20,3322.6,5.975,2.3725
201125,2020-11,20,11,25,20,3059,5.13333333333333,2.05666666666667
201126,2020-11,20,11,26,20,2747.6,5.675,2.195
201127,2020-11,20,11,27,20,2636.8,5.975,2.26
201128,2020-11,20,11,28,20,3035,5.675,2.27
201130,2020-11,20,11,30,20,3691,5.45,2.175
201201,2020-12,20,12,1,20,2736.8,5.5,2.28666666666667
201202,2020-12,20,12,2,20,3029.8,4.825,2.055
201203,2020-12,20,12,3,20,3212.2,4.775,1.725
201204,2020-12,20,12,4,20,3313.4,5.625,2.0125
201205,2020-12,20,12,5,20,2154,5.9,2.30333333333333
201207,2020-12,20,12,7,20,3101.8,6.025,2.125
201209,2020-12,20,12,9,20,3140.6,5.675,2.21
201210,2020-12,20,12,10,20,3116.8,6.375,2.3975
201211,2020-12,20,12,11,20,2967,6.125,2.1375
201212,2020-12,20,12,12,20,2291,4.93333333333333,1.80333333333333
201214,2020-12,20,12,14,20,3772.2,6.4,2.2225
201215,2020-12,20,12,15,20,2407.2,6.53333333333333,2.32
201216,2020-12,20,12,16,20,3086.6,6.625,2.2375
201217,2020-12,20,12,17,20,2604,6.03333333333333,1.96
201218,2020-12,20,12,18,20,3458.2,6.45,2.04
201219,2020-12,20,12,19,20,2764.2,6.1,2.06666666666667
201221,2020-12,20,12,21,20,2231.9,6.5,2.3175
201222,2020-12,20,12,22,20,3435.8,4.825,1.9975
201223,2020-12,20,12,23,20,2695,6.13333333333333,2.50666666666667
201228,2020-12,20,12,28,20,1866.6,7.8,2.4
201229,2020-12,20,12,29,20,2506.2,6.1,2.42
201230,2020-12,20,12,30,20,3003.6,5.75,2.2325
201231,2020-12,20,12,31,20,3436,6.4,2.195
210102,2021-01,21,1,2,20,2602.4,5.7,1.98
210104,2021-01,21,1,4,20,2299.6,7.46666666666667,2.63
210105,2021-01,21,1,5,20,3316.6,6.125,2.26
210107,2021-01,21,1,7,20,2187.2,6.63333333333333,2.12666666666667
210108,2021-01,21,1,8,20,2948.4,5.775,2.23
210109,2021-01,21,1,9,20,2951.8,5.925,2.015
210111,2021-01,21,1,11,20,3081.4,6.175,2.2375
210112,2021-01,21,1,12,20,3292.8,6.525,2.1525
210113,2021-01,21,1,13,20,3010.8,5.93333333333333,2.58333333333333
210114,2021-01,21,1,14,20,3180,5.95,2.2825
210115,2021-01,21,1,15,20,2689.6,5.975,2.38
210116,2021-01,21,1,16,20,2421,6.025,2.255
210118,2021-01,21,1,18,20,2874.4,6.125,2.1025
210119,2021-01,21,1,19,20,2432.2,5.7,2.23333333333333
210120,2021-01,21,1,20,20,2323.8,6.375,2.2425
210121,2021-01,21,1,21,20,2691.4,5.9,2.2225
210122,2021-01,21,1,22,20,2789.2,6.05,2.35
210123,2021-01,21,1,23,20,3224.6,5.775,2.32
210125,2021-01,21,1,25,20,4870.2,6.4,2.6675
210126,2021-01,21,1,26,20,2613,5.53333333333333,2.12333333333333
210127,2021-01,21,1,27,20,1346.2,5.75,2.465
210128,2021-01,21,1,28,20,2907,5.7,2.138
210129,2021-01,21,1,29,20,2549.8,6.775,2.465
210130,2021-01,21,1,30,20,3371.8,5.95,2.21
210201,2021-02,21,2,1,20,3096.2,5.675,2.0675
210203,2021-02,21,2,3,20,3055.8,7.375,2.165
210204,2021-02,21,2,4,20,2902.4,6.7,2.43666666666667
210205,2021-02,21,2,5,20,3338.8,5.9,2.33
210206,2021-02,21,2,6,20,2868.4,5.275,2.15
210208,2021-02,21,2,8,20,2864,6.775,2.185
210209,2021-02,21,2,9,20,2428.8,6.35,2.3675
210210,2021-02,21,2,10,20,3248.3,5.8,2.375
210211,2021-02,21,2,11,20,2848.8,5.43333333333333,2.25333333333333
210212,2021-02,21,2,12,20,1553.4,5.9,2.245
210213,2021-02,21,2,13,20,1765,5.15,2.32
210215,2021-02,21,2,15,20,3249.2,6.76666666666667,2.16
210216,2021-02,21,2,16,20,2257.4,5.925,2.185
210217,2021-02,21,2,17,20,2977.4,7.025,2.5775
210218,2021-02,21,2,18,20,2912.6,6.36666666666667,2.33666666666667
210219,2021-02,21,2,19,20,3265.2,5.55,2.52
210220,2021-02,21,2,20,20,3082.6,5.825,2.1625
210222,2021-02,21,2,22,20,3151,6.45,2.3175
210223,2021-02,21,2,23,20,3404.6,6.26666666666667,2.31333333333333
210224,2021-02,21,2,24,20,3435.8,6.325,2.545
210225,2021-02,21,2,25,20,3183.4,5.675,2.225
210226,2021-02,21,2,26,20,2682,6.675,2.335
210227,2021-02,21,2,27,20,3619.2,6,2.27333333333333
210301,2021-03,21,3,1,20,2613.4,6.875,2.335
210302,2021-03,21,3,2,20,4114,6.26,2.388
210303,2021-03,21,3,3,20,3011,6.76666666666667,2.05333333333333
210304,2021-03,21,3,4,20,3241,7.2,2.4675
210305,2021-03,21,3,5,20,3607,5.65,2.275
210306,2021-03,21,3,6,20,3823,6.4,2.33
210308,2021-03,21,3,8,20,3232,6.55,2.2925
210309,2021-03,21,3,9,20,3569,6.125,2.655
210310,2021-03,21,3,10,20,3438,5.63333333333333,2.09
210311,2021-03,21,3,11,20,2833,6.75,2.3125
210312,2021-03,21,3,12,20,2849.4,7.4,2.445
210313,2021-03,21,3,13,20,3072.6,7,2.225
210315,2021-03,21,3,15,20,2971.6,6.975,2.3125
210316,2021-03,21,3,16,20,3427.6,6.4,2.4325
210317,2021-03,21,3,17,20,3037,6.8,2.5475
210318,2021-03,21,3,18,20,2361,7.26666666666667,2.29
210319,2021-03,21,3,19,20,3630.6,6,2.19
210320,2021-03,21,3,20,20,3098.6,6.8,2.3175
210322,2021-03,21,3,22,20,3567.6,7.9,2.215
210323,2021-03,21,3,23,20,3645.6,6.73333333333333,2.21
210324,2021-03,21,3,24,20,2498.8,6.6,2.13
210326,2021-03,21,3,26,20,3297.6,6.925,2.445
210327,2021-03,21,3,27,20,2659.2,6.9,2.5525
210329,2021-03,21,3,29,20,2940.6,6.85,2.19
210330,2021-03,21,3,30,20,2993,6.85,2.4075
210331,2021-03,21,3,31,20,3276,6.45,2.1075
210401,2021-04,21,4,1,20,3424.2,6.95,2.295
210406,2021-04,21,4,6,20,2658.4,6.83333333333333,2.39666666666667
210407,2021-04,21,4,7,20,3545.2,6.575,2.3225
210408,2021-04,21,4,8,20,2667.8,7.26666666666667,2.20333333333333
210409,2021-04,21,4,9,20,3350.4,6.425,2.345
210410,2021-04,21,4,10,20,3437.6,5.875,2.1325
210412,2021-04,21,4,12,20,2429.4,6.43333333333333,2.49666666666667
210413,2021-04,21,4,13,20,2878,6.8,2.17666666666667
210414,2021-04,21,4,14,20,3075.4,7.2,2.4425
210415,2021-04,21,4,15,20,2674.6,6.8,2.4
210416,2021-04,21,4,16,20,2806.2,7.85,2.1725
210417,2021-04,21,4,17,20,3187.2,7.23333333333333,2.23
210419,2021-04,21,4,19,20,2767.8,6.7,2.405
210420,2021-04,21,4,20,20,2650.2,6.775,2.1375
210421,2021-04,21,4,21,20,2885.1,7.425,2.4725
210422,2021-04,21,4,22,20,2731,7.075,2.4125
210423,2021-04,21,4,23,20,3410.2,6.575,2.2975
210424,2021-04,21,4,24,20,3087.4,6.575,2.2725
210426,2021-04,21,4,26,20,4443.4,6.575,2.1875
210427,2021-04,21,4,27,20,3099,6.9,2.1725
210428,2021-04,21,4,28,20,2938,5.8,2.4925
210429,2021-04,21,4,29,20,3070.2,5.93333333333333,2.3
210430,2021-04,21,4,30,20,3639,6.775,2.39
210501,2021-05,21,5,1,20,3566,6.75,1.9475
210504,2021-05,21,5,4,20,3108.8,6.275,2.23
210505,2021-05,21,5,5,20,3577.4,6.425,2.1575
210506,2021-05,21,5,6,20,3140.8,6.15,2
210507,2021-05,21,5,7,20,2469.2,7.075,2.3075
210508,2021-05,21,5,8,20,1904.2,7.35,1.9825
210510,2021-05,21,5,10,20,3752.6,5.95,2.1625
210511,2021-05,21,5,11,20,2824.6,6.36666666666667,2.24
210512,2021-05,21,5,12,20,2121.2,6.26666666666667,2.27333333333333
210513,2021-05,21,5,13,20,2086.6,6.35,2.165
210514,2021-05,21,5,14,20,2300.8,7.33333333333333,2.34666666666667
210515,2021-05,21,5,15,20,4113.8,7.06,2.272
210517,2021-05,21,5,17,20,3251.8,7.6,2.15666666666667
210518,2021-05,21,5,18,20,3398.6,6.825,2.0575
210519,2021-05,21,5,19,20,2170,7.73333333333333,2.33666666666667
210520,2021-05,21,5,20,20,3248.4,6.75,2.3275
210521,2021-05,21,5,21,20,3397.6,6.725,2.105
210522,2021-05,21,5,22,20,3625.8,7.075,2.385
210525,2021-05,21,5,25,20,3971.6,7.04285714285714,2.11285714285714
210526,2021-05,21,5,26,20,3516,6.375,2.345
210527,2021-05,21,5,27,20,3469.6,5.86,1.944
210528,2021-05,21,5,28,20,2682,6.4,1.63333333333333
210529,2021-05,21,5,29,20,4685.2,7.52,2.234
210531,2021-05,21,5,31,20,3288.2,7.175,2.18
210601,2021-06,21,6,1,20,5295.8,6.42857142857143,2.25428571428571
210602,2021-06,21,6,2,20,4177.4,6.18,2.096
210604,2021-06,21,6,4,20,4962.8,5.78,1.928
210605,2021-06,21,6,5,20,3110,6.43333333333333,1.87333333333333
210607,2021-06,21,6,7,20,2024.8,6.46666666666667,2.40666666666667
210608,2021-06,21,6,8,20,2971.8,6.76,2.1
210609,2021-06,21,6,9,20,2142.8,6,1.55
210610,2021-06,21,6,10,20,3689.6,6.5,1.805
210611,2021-06,21,6,11,20,1316.4,9.3,1.81
210612,2021-06,21,6,12,20,4822,6.8,2.03
210614,2021-06,21,6,14,20,2441.6,6.5,1.71
210615,2021-06,21,6,15,20,1437.2,7.95,2.295
210616,2021-06,21,6,16,20,807.6,7.7,2.34
210617,2021-06,21,6,17,20,563.4,6.6,1.96
210618,2021-06,21,6,18,20,868.8,6.8,2.17
210619,2021-06,21,6,19,20,3285.2,7.2,1.81333333333333
210621,2021-06,21,6,21,20,1209.2,7.1,2.18
210622,2021-06,21,6,22,20,1550,6.6,2.03
210623,2021-06,21,6,23,20,817,7.6,2.19
210624,2021-06,21,6,24,20,3272.4,5.33333333333333,1.63333333333333
210625,2021-06,21,6,25,20,1494,6.4,1.63
210626,2021-06,21,6,26,20,1719.2,7.83333333333333,1.86333333333333
210628,2021-06,21,6,28,20,1172.2,6.65,1.49
210630,2021-06,21,6,30,20,1462.4,6.85,1.95
210701,2021-07,21,7,1,20,486,7.8,2.54
210702,2021-07,21,7,2,20,1910.4,6.65,1.935
210705,2021-07,21,7,5,20,3087.8,6.3,1.75666666666667
210709,2021-07,21,7,9,20,1701.6,7.1,2.18
210719,2021-07,21,7,19,20,2226,7.2,1.49
210720,2021-07,21,7,20,20,2422,7.15,1.72
210724,2021-07,21,7,24,20,2590,6.7,1.91
210726,2021-07,21,7,26,20,1753.6,8.2,1.96
210728,2021-07,21,7,28,20,4101.8,10.5,1.15
210915,2021-09,21,9,15,21,4107,5.6,2.235
210916,2021-09,21,9,16,21,675,7.2,1.32
210917,2021-09,21,9,17,21,2045.8,6.55,2.215
210918,2021-09,21,9,18,21,1540.6,5.5,2.495
210920,2021-09,21,9,20,21,1320.2,6.4,2.46
210921,2021-09,21,9,21,21,2037.6,5.85,2.87
210922,2021-09,21,9,22,21,2359,5.53333333333333,2.22
210923,2021-09,21,9,23,21,1032,5.9,2.255
210924,2021-09,21,9,24,21,2812.8,5.375,2.185
210925,2021-09,21,9,25,21,2082.4,7.1,2.065
210927,2021-09,21,9,27,21,2967.8,6.3,2.155
210928,2021-09,21,9,28,21,3412.6,5.525,2.22
210929,2021-09,21,9,29,21,2807.2,5.375,2.21
210930,2021-09,21,9,30,21,2778,6.36,2.388
211001,2021-10,21,10,1,21,3360.4,6.3,2.3925
211002,2021-10,21,10,2,21,2593.2,6.16666666666667,2.54666666666667
211003,2021-10,21,10,3,21,758.2,6.3,1.85
211004,2021-10,21,10,4,21,3834,5.5,2.29
211005,2021-10,21,10,5,21,3462.8,5.425,2.225
211006,2021-10,21,10,6,21,3822,4.875,2.18
211007,2021-10,21,10,7,21,3642.6,5.05,2.2325
211008,2021-10,21,10,8,21,4947.2,5.4,2.328
211009,2021-10,21,10,9,21,2892.8,5.4,2.23666666666667
211011,2021-10,21,10,11,21,3777.4,5.275,2.015
211012,2021-10,21,10,12,21,3314.8,5.875,2.3625
211013,2021-10,21,10,13,21,4491,5.15,2.325
211014,2021-10,21,10,14,21,2866.6,5.575,2.175
211015,2021-10,21,10,15,21,3633,5.45,2.32
211016,2021-10,21,10,16,21,4220.2,5.075,2.23
211018,2021-10,21,10,18,21,4009.6,5.175,2.24
211019,2021-10,21,10,19,21,3739.4,5.6,2.28
211020,2021-10,21,10,20,21,4397,5.125,2.06
211021,2021-10,21,10,21,21,4154.2,4.85,1.8675
211022,2021-10,21,10,22,21,4061.6,4.55,1.7925
211023,2021-10,21,10,23,21,4012.8,5.35,2.11
211025,2021-10,21,10,25,21,4288,5.525,2.1125
211026,2021-10,21,10,26,21,3925.4,4.825,2.32
211027,2021-10,21,10,27,21,3540.2,5.625,2.44
211028,2021-10,21,10,28,21,4077.6,5.3,1.97
211029,2021-10,21,10,29,21,4397.4,4.925,2.0725
211030,2021-10,21,10,30,21,3355,5.55,2.215
211103,2021-11,21,11,3,21,3194.4,5.76666666666667,2.33666666666667
211104,2021-11,21,11,4,21,4002.2,5.35,2.3075
211105,2021-11,21,11,5,21,4608,4.925,2.11
211106,2021-11,21,11,6,21,2574,5.23333333333333,2.30666666666667
211108,2021-11,21,11,8,21,4864.4,5.5,2.252
211109,2021-11,21,11,9,21,4386.4,5.05,2.105
211110,2021-11,21,11,10,21,3714.6,5.25,2.34
211112,2021-11,21,11,12,21,3637.4,5.95,2.52
211113,2021-11,21,11,13,21,3508,5.925,2.1525
211115,2021-11,21,11,15,21,2836.4,5.43333333333333,2.08333333333333
211116,2021-11,21,11,16,21,4396.4,5.575,2.44
211117,2021-11,21,11,17,21,3985,5.475,2.22
211118,2021-11,21,11,18,21,4290.6,5.075,2.295
211119,2021-11,21,11,19,21,3465.6,6.1,2.0775
211120,2021-11,21,11,20,21,3785.2,4.8,2.4025
211122,2021-11,21,11,22,21,3168.6,6.2,2.19
211123,2021-11,21,11,23,21,3756,5.25,2.15
211124,2021-11,21,11,24,21,3466.8,5.75,2.3075
211125,2021-11,21,11,25,21,3582.8,4.93333333333333,2.11333333333333
211126,2021-11,21,11,26,21,2005.2,5.7,2.59666666666667
211127,2021-11,21,11,27,21,2496.2,5.56666666666667,2.22
211129,2021-11,21,11,29,21,3451.8,5.5,2.1825
211130,2021-11,21,11,30,21,3162.4,4.46666666666667,1.9
211201,2021-12,21,12,1,21,2887.4,5.25,2.07
211202,2021-12,21,12,2,21,3990.2,5.225,2.0825
211203,2021-12,21,12,3,21,3774.4,4.875,2.175
211204,2021-12,21,12,4,21,4080.4,4.425,2.1375
211206,2021-12,21,12,6,21,3631.2,5.85,2.365
211207,2021-12,21,12,7,21,3503.8,5.125,2.1525
211209,2021-12,21,12,9,21,3753.2,5.175,2.2225
211210,2021-12,21,12,10,21,3405,5.55,2.3325
211211,2021-12,21,12,11,21,3852.6,5.525,2.16
211213,2021-12,21,12,13,21,2732.6,5.925,2.56
211214,2021-12,21,12,14,21,3852.2,5.325,2.2325
211215,2021-12,21,12,15,21,2753.8,5.4,2.15333333333333
211216,2021-12,21,12,16,21,3233.4,5.225,2.15
211217,2021-12,21,12,17,21,3678.2,5.625,1.8975
211218,2021-12,21,12,18,21,4346.2,5.95,2.2975
211220,2021-12,21,12,20,21,2794.8,4.93333333333333,2.21333333333333
211221,2021-12,21,12,21,21,2449.2,5.05,2.32
211222,2021-12,21,12,22,21,3517.6,4.7,1.97
211223,2021-12,21,12,23,21,1709.8,6.1,2.29
211227,2021-12,21,12,27,21,1894.8,5.9,1.99
211228,2021-12,21,12,28,21,884.6,5.4,2.05
211229,2021-12,21,12,29,21,1149,5.75,2.28
211230,2021-12,21,12,30,21,1918.4,5.66666666666667,2.49333333333333
211231,2021-12,21,12,31,21,1843.8,6.6,2.11
220103,2022-01,22,1,3,21,1375,6.5,2.005
220104,2022-01,22,1,4,21,3255.4,6.4,1.9925
220107,2022-01,22,1,7,21,2754.2,5.3,2.015
220108,2022-01,22,1,8,21,4252.5,5,2.065
220110,2022-01,22,1,10,21,2011.2,5.96666666666667,2.09
220111,2022-01,22,1,11,21,3950.8,5.575,1.98
220112,2022-01,22,1,12,21,3129.8,4.83333333333333,1.85
220113,2022-01,22,1,13,21,3307.8,5.6,1.80333333333333
220114,2022-01,22,1,14,21,3378.6,6.66666666666667,2.35
220115,2022-01,22,1,15,21,2585,5.53333333333333,2.20666666666667
220117,2022-01,22,1,17,21,3172,6.4,2.07
220118,2022-01,22,1,18,21,4043.6,5.925,2.195
220119,2022-01,22,1,19,21,2612.8,5.26666666666667,2.30333333333333
220120,2022-01,22,1,20,21,3237,5.65,1.9975
220121,2022-01,22,1,21,21,1572,5.5,2.17
220122,2022-01,22,1,22,21,3639.6,4.93333333333333,2.20666666666667
220124,2022-01,22,1,24,21,3035,5.3,2.30333333333333
220125,2022-01,22,1,25,21,3862.8,6.56666666666667,2.35
220126,2022-01,22,1,26,21,2135,6.6,2.43
220127,2022-01,22,1,27,21,3201.2,5.6,2.44
220128,2022-01,22,1,28,21,2676.8,6.6,2.35
220129,2022-01,22,1,29,21,1683,5.7,2.29
220131,2022-01,22,1,31,21,3815,5.26666666666667,2.02333333333333
220201,2022-02,22,2,1,21,4152.4,5.725,2.1525
220203,2022-02,22,2,3,21,4093,5.625,2.395
220204,2022-02,22,2,4,21,2556.2,5.73333333333333,2.21666666666667
220205,2022-02,22,2,5,21,4337.8,5.66666666666667,2.27333333333333
220207,2022-02,22,2,7,21,3758,5.6,2.07666666666667
220208,2022-02,22,2,8,21,4997,5.6,2.408
220209,2022-02,22,2,9,21,3063.8,5.7,2.31333333333333
220210,2022-02,22,2,10,21,3502,5.85,2.24
220211,2022-02,22,2,11,21,3955.4,5.675,2.095
220212,2022-02,22,2,12,21,1605.2,6.5,2.16
220214,2022-02,22,2,14,21,2765.2,5.26666666666667,2.07333333333333
220215,2022-02,22,2,15,21,2745.8,5.76666666666667,2.24
220216,2022-02,22,2,16,21,4433,5.85,2.12
220217,2022-02,22,2,17,21,3296.2,6.225,2.265
220218,2022-02,22,2,18,21,2972.6,5.33333333333333,2.17666666666667
220219,2022-02,22,2,19,21,3601.6,5.33333333333333,2.19666666666667
220221,2022-02,22,2,21,21,3446.8,6.325,2.425
220222,2022-02,22,2,22,21,3625.2,6.9,2.12666666666667
220228,2022-02,22,2,28,21,3836.2,5.475,2.065
220301,2022-03,22,3,1,21,3373.6,5.275,2.1575
220302,2022-03,22,3,2,21,3771.8,5.525,2.425
220303,2022-03,22,3,3,21,4177.4,4.76666666666667,2.26666666666667
220304,2022-03,22,3,4,21,4245.8,5.46,2.196
220305,2022-03,22,3,5,21,3100,5.26666666666667,2.14
220307,2022-03,22,3,7,21,2779,4.93333333333333,2.24
220308,2022-03,22,3,8,21,4586.8,5.325,2.1575
220309,2022-03,22,3,9,21,3769,5.3,2.045
220310,2022-03,22,3,10,21,2439.8,4.8,2.14666666666667
220311,2022-03,22,3,11,21,4112.4,4.75,1.9875
220312,2022-03,22,3,12,21,3968.2,4.95,1.9625
220314,2022-03,22,3,14,21,2662.8,5.7,2.16333333333333
220315,2022-03,22,3,15,21,4266.4,4.975,1.9225
220316,2022-03,22,3,16,21,2238.4,6,2.52666666666667
220317,2022-03,22,3,17,21,2875.4,6.2,2.37666666666667
220318,2022-03,22,3,18,21,5391.4,5.56,2.24
220319,2022-03,22,3,19,21,3192.2,5.175,2.2775
220321,2022-03,22,3,21,21,4382.4,5.425,1.965
220322,2022-03,22,3,22,21,3228.8,5.375,2.275
220323,2022-03,22,3,23,21,3379.8,5.83333333333333,2.05666666666667
220324,2022-03,22,3,24,21,3104.2,5.83333333333333,2.49666666666667
220326,2022-03,22,3,26,21,4023.4,6.325,2.2275
220328,2022-03,22,3,28,21,3447.2,6.03333333333333,2.41333333333333
220329,2022-03,22,3,29,21,3914.8,5.975,2.1425
220330,2022-03,22,3,30,21,3791.2,6.45,2.1025
220331,2022-03,22,3,31,21,3664.6,7,2.2925
220401,2022-04,22,4,1,21,5010.8,6.88,2.252
220402,2022-04,22,4,2,21,4465,6.5,2.5075
220404,2022-04,22,4,4,21,4651.4,6,2.21
220405,2022-04,22,4,5,21,4081.6,6.94,2.402
220406,2022-04,22,4,6,21,8195.2,6.95,2.4375
220407,2022-04,22,4,7,21,6750.8,6.125,2.265
220408,2022-04,22,4,8,21,6954.8,6.6,1.83
220409,2022-04,22,4,9,21,7585.2,5.85,2.2925
220411,2022-04,22,4,11,21,9371,5.9,2.385
220412,2022-04,22,4,12,21,6200.4,6.25,2.39
220413,2022-04,22,4,13,21,5469.6,5.6,2.03333333333333
220414,2022-04,22,4,14,21,6075.6,5.33333333333333,1.99333333333333
220419,2022-04,22,4,19,21,7287.2,6.475,2.0875
220420,2022-04,22,4,20,21,5223.6,6.83333333333333,2.59
220421,2022-04,22,4,21,21,5954,6.65,2.21
220422,2022-04,22,4,22,21,5054.8,6.96666666666667,2.29
220423,2022-04,22,4,23,21,6357.2,6.13333333333333,2.11
220425,2022-04,22,4,25,21,6899.6,6.8,2.1775
220426,2022-04,22,4,26,21,6487.6,6.3,2.19
220427,2022-04,22,4,27,21,5352.4,6.3,2.36
220428,2022-04,22,4,28,21,5376.8,6.2,2.6
220429,2022-04,22,4,29,21,5178.4,6,2.22333333333333
220430,2022-04,22,4,30,21,7047.6,6.45,2.1625
220502,2022-05,22,5,2,21,5347.6,5.33333333333333,2.05333333333333
220504,2022-05,22,5,4,21,4983.6,6.5,2.32
220505,2022-05,22,5,5,21,3251.6,6.1,1.95
220506,2022-05,22,5,6,21,4559.2,6.43333333333333,2.08333333333333
220507,2022-05,22,5,7,21,7219.2,6.775,2.3525
220509,2022-05,22,5,9,21,6404,6.85,2.02
220510,2022-05,22,5,10,21,3112,5.2,2.29
220511,2022-05,22,5,11,21,3070,6.4,2.9
220512,2022-05,22,5,12,21,1487.2,5.8,2.48
220513,2022-05,22,5,13,21,2506.4,6.6,2.265
220514,2022-05,22,5,14,21,3696.8,7.65,2.385
220516,2022-05,22,5,16,21,4205.2,7,2.06
220517,2022-05,22,5,17,21,1222.4,8.1,2.24
220518,2022-05,22,5,18,21,2411.2,7.1,2.14
220519,2022-05,22,5,19,21,2460.8,6.2,2.53
220520,2022-05,22,5,20,21,2741.2,5.75,2.32
220521,2022-05,22,5,21,21,2426.8,8.75,1.8
220523,2022-05,22,5,23,21,1759.2,7.9,2.57
220524,2022-05,22,5,24,21,3584,6.55,2.03
220525,2022-05,22,5,25,21,3606,7,2.485
220526,2022-05,22,5,26,21,1639.2,6.8,2
220527,2022-05,22,5,27,21,2607.2,6.65,2.315
220601,2022-06,22,6,1,21,2856,8.7,2.21
220608,2022-06,22,6,8,21,1494,6.1,1.14
220609,2022-06,22,6,9,21,2348,6.5,2.26
220610,2022-06,22,6,10,21,1826,7.1,1.16
220611,2022-06,22,6,11,21,1026,6,2.44
220614,2022-06,22,6,14,21,756,6.27199946299261,2.20571837104487
220621,2022-06,22,6,21,21,1510,6.3,2.06
220622,2022-06,22,6,22,21,954,6.6,1.6
220624,2022-06,22,6,24,21,846,7.3,1.95
220628,2022-06,22,6,28,21,1712,6.3,2.18
220630,2022-06,22,6,30,21,514,6.27199946299261,2.20571837104487
220701,2022-07,22,7,1,21,3144,6.6,2
220702,2022-07,22,7,2,21,1798,6.8,2.24
220713,2022-07,22,7,13,21,2606,7.7,2.3
220714,2022-07,22,7,14,21,1269,9.1,2.16
220721,2022-07,22,7,21,21,708,6.27199946299261,2.20571837104487
220909,2022-09,22,9,9,22,1175.6,6.1,2.69
220910,2022-09,22,9,10,22,980.2,6.2,2.67
220912,2022-09,22,9,12,22,1481.4,6.5,2.11
220913,2022-09,22,9,13,22,298,6.27199946299261,2.20571837104487
220915,2022-09,22,9,15,22,845.4,5.7,2.43
220917,2022-09,22,9,17,22,1315,5.1,2.57
220919,2022-09,22,9,19,22,1009.2,6,2.49
220920,2022-09,22,9,20,22,1723.8,5.9,2.6
220921,2022-09,22,9,21,22,1321.2,5.65,2.14
220922,2022-09,22,9,22,22,2271.4,5.73333333333333,2.34333333333333
220923,2022-09,22,9,23,22,1974.8,5.2,2.14666666666667
220924,2022-09,22,9,24,22,2902.2,5.1,1.955
220926,2022-09,22,9,26,22,3215.4,5.65,2.115
220927,2022-09,22,9,27,22,2853.6,5.7,1.99666666666667
220928,2022-09,22,9,28,22,2841,5.425,2.2125
220929,2022-09,22,9,29,22,2702,5.75,2.2275
220930,2022-09,22,9,30,22,2518.8,5.76666666666667,1.97
221001,2022-10,22,10,1,22,1756.4,5.8,1.86666666666667
221003,2022-10,22,10,3,22,2675.6,6.23333333333333,2.17333333333333
221004,2022-10,22,10,4,22,2081.2,5.5,2.21666666666667
221005,2022-10,22,10,5,22,2641.2,5.76666666666667,1.77
221006,2022-10,22,10,6,22,2956.8,5.2,1.7825
221007,2022-10,22,10,7,22,2841.6,5.05,1.95
221008,2022-10,22,10,8,22,3551.8,5.35,2.21
221010,2022-10,22,10,10,22,3827.4,5.5,1.7925
221011,2022-10,22,10,11,22,4052.8,5.725,2.105
221012,2022-10,22,10,12,22,3637.2,5.175,2.0325
221013,2022-10,22,10,13,22,2658,5.55,1.975
221014,2022-10,22,10,14,22,3532.8,5.85,2.2275
221015,2022-10,22,10,15,22,3608.6,5.475,2.1175
221017,2022-10,22,10,17,22,3607.8,6.025,1.96
221018,2022-10,22,10,18,22,3218.4,5.05,1.9725
221019,2022-10,22,10,19,22,3548.4,5.6,1.94
221020,2022-10,22,10,20,22,3183,5.5,2.0175
221021,2022-10,22,10,21,22,4405.2,5.25,1.925
221022,2022-10,22,10,22,22,3189.8,5.475,2.0725
221024,2022-10,22,10,24,22,3095,6.175,2.125
221025,2022-10,22,10,25,22,2758.8,6.56666666666667,1.94666666666667
221026,2022-10,22,10,26,22,2855.8,5.7,2.34
221027,2022-10,22,10,27,22,3921.8,5.875,2.1975
221028,2022-10,22,10,28,22,2543.6,5.83333333333333,1.97
221029,2022-10,22,10,29,22,4627.8,5.64,2.13
221031,2022-10,22,10,31,22,2269.8,6.13333333333333,1.85
221103,2022-11,22,11,3,22,3410.4,6.225,2.1475
221104,2022-11,22,11,4,22,3275.8,5.925,1.9475
221105,2022-11,22,11,5,22,4175.6,5.9,2.0625
221107,2022-11,22,11,7,22,3714,6,2.205
221108,2022-11,22,11,8,22,3579.8,5.525,2.125
221109,2022-11,22,11,9,22,3474.6,5.8,2.0425
221110,2022-11,22,11,10,22,3352.8,5.9,1.9575
221112,2022-11,22,11,12,22,3783,5.875,2.3225
221114,2022-11,22,11,14,22,4052.6,5.775,2.095
221115,2022-11,22,11,15,22,3923.8,5.6,2.104
221116,2022-11,22,11,16,22,2571.8,5.83333333333333,1.99666666666667
221117,2022-11,22,11,17,22,4057.2,5.16666666666667,1.92333333333333
221118,2022-11,22,11,18,22,3595.3,5.26666666666667,2.23333333333333
221119,2022-11,22,11,19,22,3556,6.425,1.9375
221121,2022-11,22,11,21,22,3298.2,6.15,2.2025
221122,2022-11,22,11,22,22,2259.6,6.13333333333333,2
221123,2022-11,22,11,23,22,2690.4,6.175,2.185
221124,2022-11,22,11,24,22,1604,6.13333333333333,2.35333333333333
221125,2022-11,22,11,25,22,3405.2,5.8,2.31333333333333
221126,2022-11,22,11,26,22,2502,6.3,2.2175
221128,2022-11,22,11,28,22,3588.4,5.975,2.0275
221129,2022-11,22,11,29,22,3466.4,5.375,1.9175
221130,2022-11,22,11,30,22,2945.2,5.975,1.9275
221201,2022-12,22,12,1,22,2343.2,5.5,1.90333333333333
221202,2022-12,22,12,2,22,3149,5.175,1.69
221203,2022-12,22,12,3,22,3336.8,6.15,2.255
221205,2022-12,22,12,5,22,3837.8,5.85,2.1725
221206,2022-12,22,12,6,22,3639.6,5.05,1.8175
221207,2022-12,22,12,7,22,3904.4,5.98,2.23
221209,2022-12,22,12,9,22,3057.4,5.8,2.26333333333333
221210,2022-12,22,12,10,22,3387.2,6.075,1.91
221212,2022-12,22,12,12,22,3850.4,5.75,2.02
221213,2022-12,22,12,13,22,3734.4,5.65,2.25
221214,2022-12,22,12,14,22,877,5.3,1.58
221215,2022-12,22,12,15,22,1100,5.5,1.97
221216,2022-12,22,12,16,22,1963.8,6.43333333333333,2.19333333333333
221217,2022-12,22,12,17,22,4011.4,5.52,2.222
221219,2022-12,22,12,19,22,1889,5.8,1.895
221220,2022-12,22,12,20,22,991,5.7,2.07
221221,2022-12,22,12,21,22,1160,6.3,2.46
221222,2022-12,22,12,22,22,983,5.1,1.58
221223,2022-12,22,12,23,22,2535.8,6.16666666666667,2.48666666666667
221227,2022-12,22,12,27,22,1126,7.2,1.77
221228,2022-12,22,12,28,22,1337,5.2,2.37
221229,2022-12,22,12,29,22,1718,5.25,2.235
221230,2022-12,22,12,30,22,4190.2,5.375,1.9425
221231,2022-12,22,12,31,22,3132.6,5.825,2.1125
230102,2023-01,23,1,2,22,2816.6,6.525,2.385
230103,2023-01,23,1,3,22,2626.8,5.9,2.11666666666667
230104,2023-01,23,1,4,22,4101.8,6.38,2.382
230105,2023-01,23,1,5,22,2338,5.9,2.18333333333333
230107,2023-01,23,1,7,22,3539.2,5.675,1.99
230109,2023-01,23,1,9,22,3581,6.5,2.1775
230110,2023-01,23,1,10,22,2681,6.13333333333333,2.06
230111,2023-01,23,1,11,22,2479.4,6.76666666666667,1.86333333333333
230112,2023-01,23,1,12,22,2563.6,6.6,1.845
230113,2023-01,23,1,13,22,3723.4,5.6,2.0975
230114,2023-01,23,1,14,22,2531.8,5.8,1.85333333333333
230116,2023-01,23,1,16,22,4171.4,6.1,1.94
230117,2023-01,23,1,17,22,3778.6,5.75,2.16
230118,2023-01,23,1,18,22,3713,5.675,2.145
230119,2023-01,23,1,19,22,3723.2,5.95,1.985
230120,2023-01,23,1,20,22,3475,5.775,2.1725
230121,2023-01,23,1,21,22,3439.6,6.13333333333333,2.22
230123,2023-01,23,1,23,22,3446.4,6.66666666666667,1.98333333333333
230124,2023-01,23,1,24,22,3767.1,6.3,1.9325
230130,2023-01,23,1,30,22,3769,5.7,1.88333333333333
230131,2023-01,23,1,31,22,4055.6,5.925,2.3925
230201,2023-02,23,2,1,22,3218.2,6.46666666666667,2.14
230203,2023-02,23,2,3,22,3397.2,5.62,2.204
230204,2023-02,23,2,4,22,3648.6,5.825,2.2075
230206,2023-02,23,2,6,22,5618.6,5.5,1.9675
230207,2023-02,23,2,7,22,4133.3,5.275,1.865
230208,2023-02,23,2,8,22,3329.6,5.76,2.234
230209,2023-02,23,2,9,22,2772,5.5,2.12333333333333
230210,2023-02,23,2,10,22,3434.2,5.55,2.045
230211,2023-02,23,2,11,22,4034.7,5.56666666666667,2.25333333333333
230213,2023-02,23,2,13,22,3814.3,6.36,2.17
230214,2023-02,23,2,14,22,3924,6.175,2.47
230215,2023-02,23,2,15,22,3916.4,6.06666666666667,2.57
230216,2023-02,23,2,16,22,3884.8,5.95,2.265
230217,2023-02,23,2,17,22,3199.8,5.875,2.005
230218,2023-02,23,2,18,22,2718.4,5.9,2.22
230220,2023-02,23,2,20,22,3786,6.26,1.978
230221,2023-02,23,2,21,22,3010.6,6.1,2.1575
230222,2023-02,23,2,22,22,3476.6,6.6,2.60333333333333
230223,2023-02,23,2,23,22,4049,5.75,2.3
230224,2023-02,23,2,24,22,3036.8,6.425,2.0775
230225,2023-02,23,2,25,22,3338.4,6.425,2.2275
230227,2023-02,23,2,27,22,3695,6.075,2.145
230228,2023-02,23,2,28,22,4281,5.9,2.25333333333333
230301,2023-03,23,3,1,22,3793,5.775,2.295
230302,2023-03,23,3,2,22,2830,6.13333333333333,2.3
230303,2023-03,23,3,3,22,3225,6.525,2.01
230304,2023-03,23,3,4,22,2959,6.4,2.265
230306,2023-03,23,3,6,22,2580,6.6,2.16
230307,2023-03,23,3,7,22,3730,6.25,2.4325
230308,2023-03,23,3,8,22,3574.6,6.225,2.125
230309,2023-03,23,3,9,22,3683.2,6.85,2.4225
230310,2023-03,23,3,10,22,4018.6,6.275,2.35
230311,2023-03,23,3,11,22,4129.4,6.225,2.1975
230313,2023-03,23,3,13,22,2927.6,6.425,2.345
230314,2023-03,23,3,14,22,2575,6,2.1
230315,2023-03,23,3,15,22,2851.2,6.23333333333333,2.11666666666667
230316,2023-03,23,3,16,22,3196.8,5.96666666666667,2.23333333333333
230317,2023-03,23,3,17,22,3896.4,6.2,2.275
230318,2023-03,23,3,18,22,2623.4,5.83333333333333,2.10333333333333
230320,2023-03,23,3,20,22,4587.2,5.45,1.9675
230321,2023-03,23,3,21,22,3557.6,6.3,2.115
230322,2023-03,23,3,22,22,4995.8,6.5,2.17
230323,2023-03,23,3,23,22,2600.2,6.6,2.19
230324,2023-03,23,3,24,22,3211.6,6.275,2.0475
230327,2023-03,23,3,27,22,3228.6,7.325,2.3975
230328,2023-03,23,3,28,22,2838.8,6.43333333333333,1.94333333333333
230329,2023-03,23,3,29,22,2757.8,6.15,2.1225
230330,2023-03,23,3,30,22,4634.4,5.96,2.018
230331,2023-03,23,3,31,22,3493,6.65,2.0975
230401,2023-04,23,4,1,22,2246,7.25,1.76
230403,2023-04,23,4,3,22,3595,6.525,2.1575
230404,2023-04,23,4,4,22,3077,6.3,2.2
230405,2023-04,23,4,5,22,3181,6.225,2.1725
230406,2023-04,23,4,6,22,3424,6.575,2.31
230411,2023-04,23,4,11,22,3246,7.13333333333333,2.12
230412,2023-04,23,4,12,22,3781,6.15,2.2425
230413,2023-04,23,4,13,22,3589,6.45,2.16
230414,2023-04,23,4,14,22,5954,7.37142857142857,2.20857142857143
230415,2023-04,23,4,15,22,3939,7.875,2.0225
230417,2023-04,23,4,17,22,5986,6.84285714285714,2.32285714285714
230418,2023-04,23,4,18,22,4533,6.76,2.314
230419,2023-04,23,4,19,22,5453,6.83333333333333,2.00166666666667
230420,2023-04,23,4,20,22,3319,6.83333333333333,2.45
230421,2023-04,23,4,21,22,4819,6.12,2.196
230422,2023-04,23,4,22,22,6189,5.92,2.18
230424,2023-04,23,4,24,22,3547,6.075,1.94
230425,2023-04,23,4,25,22,5764,6.61666666666667,1.92666666666667
230426,2023-04,23,4,26,22,4262,6,2.378
230427,2023-04,23,4,27,22,3228,6.1,1.9625
230428,2023-04,23,4,28,22,3022,6.575,2.005
230429,2023-04,23,4,29,22,3634,6.325,2.28
230501,2023-05,23,5,1,22,6233,5.61666666666667,2.175
230502,2023-05,23,5,2,22,3993,6.96,2.45
230504,2023-05,23,5,4,22,3818,6.26,2.082
230505,2023-05,23,5,5,22,5414,6.33333333333333,2.20333333333333
230506,2023-05,23,5,6,22,2931,6.475,2.25
230508,2023-05,23,5,8,22,3697,6.75,2.365
230509,2023-05,23,5,9,22,4266,6.075,2.0175
230510,2023-05,23,5,10,22,2400,6.06666666666667,1.88333333333333
230511,2023-05,23,5,11,22,3451,5.675,1.85
230512,2023-05,23,5,12,22,3007,6.1,2.2125
230515,2023-05,23,5,15,22,4192,7.68,2.462
230516,2023-05,23,5,16,22,4733,7.58333333333333,2.07833333333333
230517,2023-05,23,5,17,22,1832,7.9,2.34
230518,2023-05,23,5,18,22,2497,7.4,2.29
230519,2023-05,23,5,19,22,5104,7.26,2.35
230520,2023-05,23,5,20,22,3191,7.05,2.3625
230522,2023-05,23,5,22,22,5246,6.525,2.3325
230523,2023-05,23,5,23,22,4171,6.1,2.0125
230524,2023-05,23,5,24,22,2143,6.8,2.58
230525,2023-05,23,5,25,22,5087,6.5,1.96
230526,2023-05,23,5,26,22,2992,6.16666666666667,2.38333333333333
230530,2023-05,23,5,30,22,3526,6.4,1.94666666666667
230531,2023-05,23,5,31,22,1660,6.85,2.015
230601,2023-06,23,6,1,22,4812,6.01666666666667,2.13333333333333
230602,2023-06,23,6,2,22,3039,5.9,1.71
230603,2023-06,23,6,3,22,4259,6.4,2.305
230605,2023-06,23,6,5,22,3423,6,1.845
230606,2023-06,23,6,6,22,5505,6.03333333333333,2.10333333333333
230607,2023-06,23,6,7,22,3197,6.675,2.15
230609,2023-06,23,6,9,22,6365,6.85,2.105
230610,2023-06,23,6,10,22,4559,7.45,2.25
230612,2023-06,23,6,12,22,5496,6.5,1.986
230613,2023-06,23,6,13,22,3201,6.3,1.53
230614,2023-06,23,6,14,22,3711,7.1,2.0725
230615,2023-06,23,6,15,22,2756,6.9,2.31333333333333
230616,2023-06,23,6,16,22,2351,6.9,2.385
230617,2023-06,23,6,17,22,6318,6.3875,1.64375
230619,2023-06,23,6,19,22,4764,6.7,2.095
230620,2023-06,23,6,20,22,4186,6.58,1.924
230621,2023-06,23,6,21,22,1826,6.23333333333333,2.19666666666667
230622,2023-06,23,6,22,22,4584,5.75,1.965
230623,2023-06,23,6,23,22,4804,6.5,1.92
230624,2023-06,23,6,24,22,4947,6.48,2.178
230626,2023-06,23,6,26,22,3842,6.36,2.092
230627,2023-06,23,6,27,22,2352,7,2.01
230628,2023-06,23,6,28,22,1538,6.3,1.65
230630,2023-06,23,6,30,22,5211,7.075,2.07
230701,2023-07,23,7,1,22,2628,7.26666666666667,1.78666666666667
230703,2023-07,23,7,3,22,352,8.3,2.22
230706,2023-07,23,7,6,22,784,7,2.15
230710,2023-07,23,7,10,22,1547,7.2,2.3
230712,2023-07,23,7,12,22,1326,6.1,2.02
230713,2023-07,23,7,13,22,794,6.8,2.02
230717,2023-07,23,7,17,22,2386,7.1,1.76
230722,2023-07,23,7,22,22,1678,7.2,2.19
230727,2023-07,23,7,27,22,437,7,2.17
230907,2023-09,23,9,7,23,1146,7.1,2.96
230911,2023-09,23,9,11,23,366,6.9,2.37
230912,2023-09,23,9,12,23,3367,5.875,2.5575
230913,2023-09,23,9,13,23,3105,6.1,2.615
230914,2023-09,23,9,14,23,2262,6.95,3.28
230915,2023-09,23,9,15,23,3552,5.525,2.8025
230916,2023-09,23,9,16,23,4251,5.86666666666667,2.42
230918,2023-09,23,9,18,23,3174,6.725,2.71
230919,2023-09,23,9,19,23,3487,5.875,2.5975
230920,2023-09,23,9,20,23,4034,5.625,2.7125
230921,2023-09,23,9,21,23,2004,6.4,2.805
230922,2023-09,23,9,22,23,3606,6.025,2.5675
230923,2023-09,23,9,23,23,3720,6.175,2.5375
230925,2023-09,23,9,25,23,2794,7.2,2.61333333333333
230926,2023-09,23,9,26,23,3240,6.475,2.52
230927,2023-09,23,9,27,23,2893,5.56666666666667,2.46333333333333
230928,2023-09,23,9,28,23,2909,4.475,2.32333333333333
230929,2023-09,23,9,29,23,3257,6.23333333333333,2.77333333333333
230930,2023-09,23,9,30,23,2703,5.83333333333333,2.49333333333333
231002,2023-10,23,10,2,23,4135,5.975,2.605
231003,2023-10,23,10,3,23,2796,6,2.65333333333333
231004,2023-10,23,10,4,23,3980,5.575,2.4275
231005,2023-10,23,10,5,23,3986,5.65,2.2925
231006,2023-10,23,10,6,23,3533,5.85,2.2325
231007,2023-10,23,10,7,23,3407,5.875,2.4025
231009,2023-10,23,10,9,23,3493,5.8,2.35
231010,2023-10,23,10,10,23,3876,5.675,2.2425
231011,2023-10,23,10,11,23,1871,6.1,2.30333333333333
231012,2023-10,23,10,12,23,4458,5.45,2.49
231013,2023-10,23,10,13,23,3606,6.05,2.3725
231014,2023-10,23,10,14,23,2409,5.65,2.325
231016,2023-10,23,10,16,23,4115,5.82,2.446
231017,2023-10,23,10,17,23,4173,5.425,2.135
231018,2023-10,23,10,18,23,3522,5.65,2.1025
231019,2023-10,23,10,19,23,3573,5.95,2.4
231020,2023-10,23,10,20,23,3947,6.15,2.165
231021,2023-10,23,10,21,23,3417,6.225,2.2775
231023,2023-10,23,10,23,23,4111,6.2,2.25
231024,2023-10,23,10,24,23,3258,6.3,2.0325
231025,2023-10,23,10,25,23,2477,7.125,2.2725
231026,2023-10,23,10,26,23,3472,6.275,2.165
231027,2023-10,23,10,27,23,1737,5.95,2.75
231028,2023-10,23,10,28,23,2115,5.35,2.13
231030,2023-10,23,10,30,23,3112,5.8,2.38666666666667
231031,2023-10,23,10,31,23,3049,5.5,2.36666666666667
231103,2023-11,23,11,3,23,2562,6.1,2.30333333333333
231104,2023-11,23,11,4,23,3051,5.53333333333333,2.10333333333333
231106,2023-11,23,11,6,23,4187,6.125,2.0725
231107,2023-11,23,11,7,23,4701,5.86,2.352
231108,2023-11,23,11,8,23,3314,5.7,2.71
231109,2023-11,23,11,9,23,3683,5.725,2.175
231113,2023-11,23,11,13,23,3326,6.65,2.4
231114,2023-11,23,11,14,23,2175,6.5,2.21666666666667
231115,2023-11,23,11,15,23,2595,6.2,2.30666666666667
231116,2023-11,23,11,16,23,2987,5,2.36
231117,2023-11,23,11,17,23,3781,5.675,2.2975
231118,2023-11,23,11,18,23,4159,5.925,2.6025
231120,2023-11,23,11,20,23,2578,6.4,2.57
231121,2023-11,23,11,21,23,1146,6.4,2.455
231122,2023-11,23,11,22,23,703,6.2,2.54
231123,2023-11,23,11,23,23,2969,6.2,2.2
231124,2023-11,23,11,24,23,2106,6.3,2.2
231125,2023-11,23,11,25,23,3099,5.36666666666667,2.35
231127,2023-11,23,11,27,23,822,5.5,2.2
231128,2023-11,23,11,28,23,1998,5.9,2.605
231129,2023-11,23,11,29,23,1718,6.35,2.03
231130,2023-11,23,11,30,23,2387,5.76666666666667,2.13
231201,2023-12,23,12,1,23,1901,5.45,2.34
231202,2023-12,23,12,2,23,3123,5.76666666666667,2.19
231204,2023-12,23,12,4,23,3358,5.85,2.0075
231205,2023-12,23,12,5,23,1754,5.75,2.145
231206,2023-12,23,12,6,23,2360,5.83333333333333,2.14
231207,2023-12,23,12,7,23,1753,6.35,2.76
231209,2023-12,23,12,9,23,1704,5.3,2.42
231211,2023-12,23,12,11,23,2426,6.13333333333333,2.34333333333333
231212,2023-12,23,12,12,23,2329,6.33333333333333,2.13666666666667
231213,2023-12,23,12,13,23,3340,6.05,2.425
231214,2023-12,23,12,14,23,1416,6.2,2.595
231215,2023-12,23,12,15,23,5483,6.03333333333333,2.21666666666667
231216,2023-12,23,12,16,23,1002,5.1,2.45
231218,2023-12,23,12,18,23,3872,6.8,2.0575
231219,2023-12,23,12,19,23,3982,5.825,2.0175
231220,2023-12,23,12,20,23,1819,7.1,2.33
231221,2023-12,23,12,21,23,2488,5.73333333333333,2.61666666666667
231222,2023-12,23,12,22,23,3078,5.66666666666667,1.78666666666667
231223,2023-12,23,12,23,23,902,6,2.48
231227,2023-12,23,12,27,23,4499,5.93333333333333,1.81333333333333
231228,2023-12,23,12,28,23,3514,5.75,1.785
231229,2023-12,23,12,29,23,2916,6.2,2.55666666666667
231230,2023-12,23,12,30,23,3064,5.33333333333333,2.24
240102,2024-01,24,1,2,23,813,5.8,1.82
240103,2024-01,24,1,3,23,3047,6.4,2.26
240104,2024-01,24,1,4,23,2648,6.2,2.10666666666667
240105,2024-01,24,1,5,23,2578,5.15,2.21
240108,2024-01,24,1,8,23,3848,5.725,2.0175
240109,2024-01,24,1,9,23,2806,5.86666666666667,1.57333333333333
240110,2024-01,24,1,10,23,2653,5.8,1.96
240111,2024-01,24,1,11,23,2987,5.53333333333333,2.17333333333333
240112,2024-01,24,1,12,23,1664,6.15,1.925
240113,2024-01,24,1,13,23,3112,5.56666666666667,2.36666666666667
240115,2024-01,24,1,15,23,3388,5.825,2.315
240116,2024-01,24,1,16,23,2623,5.93333333333333,1.85
240117,2024-01,24,1,17,23,2589,5.7,1.92
240118,2024-01,24,1,18,23,4038,5.96,2.176
240119,2024-01,24,1,19,23,848,5.5,2.45
240120,2024-01,24,1,20,23,3061,5.9,2.25666666666667
240122,2024-01,24,1,22,23,2900,5.73333333333333,2.23333333333333
240123,2024-01,24,1,23,23,4245.5,7.84,2.578
240124,2024-01,24,1,24,23,3059,6.03333333333333,2.36
240125,2024-01,24,1,25,23,3267,6.475,2.48
240126,2024-01,24,1,26,23,3623,5.6,2.185
240127,2024-01,24,1,27,23,2411,6.53333333333333,2.47
240129,2024-01,24,1,29,23,2543,6.9,2.48
240130,2024-01,24,1,30,23,4799.5,8.6,1.625
240205,2024-02,24,2,5,23,3144,5.7,2.28666666666667
240206,2024-02,24,2,6,23,3310,6.6,2.56
240207,2024-02,24,2,7,23,3763,6.3,2.395
240208,2024-02,24,2,8,23,3924,6.15,2.305
240209,2024-02,24,2,9,23,2487,6.5,2.43333333333333
240210,2024-02,24,2,10,23,4429,6.9,2.57
240212,2024-02,24,2,12,23,3057,6.1,2.40333333333333
240213,2024-02,24,2,13,23,4871,6.12,2.368
240214,2024-02,24,2,14,23,1102,5.3,2.1
240215,2024-02,24,2,15,23,4312,5.9,2.0925
240216,2024-02,24,2,16,23,3520,8.9,1.57
240217,2024-02,24,2,17,23,2633,5.9,2.26
240219,2024-02,24,2,19,23,4368,6.3,2.475
240220,2024-02,24,2,20,23,1888,7,1.95
240221,2024-02,24,2,21,23,2508,6.85,2.3875
240222,2024-02,24,2,22,23,2660,5.9,2.275
240223,2024-02,24,2,23,23,4058,5.975,2.3175
240224,2024-02,24,2,24,23,1759,7.3,2.47
240226,2024-02,24,2,26,23,3377,7.13333333333333,2.22666666666667
240227,2024-02,24,2,27,23,4131,6.35,2.625
240228,2024-02,24,2,28,23,3650,6.15,2.28
240229,2024-02,24,2,29,23,3664,6.425,2.465
240301,2024-03,24,3,1,23,4264,5.9,2.3775
240302,2024-03,24,3,2,23,3455,6.075,2.185
240304,2024-03,24,3,4,23,4391,6.9,2.414
240305,2024-03,24,3,5,23,3542,6.225,2.175
240306,2024-03,24,3,6,23,3590,5.75,2.1925
240307,2024-03,24,3,7,23,3391,6,2.59666666666667
240308,2024-03,24,3,8,23,3998,5.875,1.985
240309,2024-03,24,3,9,23,1976,7.45,2.115
240311,2024-03,24,3,11,23,3904,6.52,2.162
240312,2024-03,24,3,12,23,2820,6.85,2.59
240313,2024-03,24,3,13,23,2526,5.8,2.36
240314,2024-03,24,3,14,23,3630,6.9,2.295
240315,2024-03,24,3,15,23,4007,6.225,2.1275
240316,2024-03,24,3,16,23,3103,6,2.34666666666667
240318,2024-03,24,3,18,23,3555,5.825,2.4725
240319,2024-03,24,3,19,23,4020,6.14,2.194
240320,2024-03,24,3,20,23,2952,6.76666666666667,2.57333333333333
240321,2024-03,24,3,21,23,3992,6.23333333333333,2.24666666666667
240322,2024-03,24,3,22,23,2322,7.76666666666667,2.69666666666667
240323,2024-03,24,3,23,23,1097,6.7,1.99
240325,2024-03,24,3,25,23,2488,6.1,2.34666666666667
240326,2024-03,24,3,26,23,3211,6.825,2.275
240327,2024-03,24,3,27,23,3740,6.52,2.57
240328,2024-03,24,3,28,23,3101,6.3,2.3175
240402,2024-04,24,4,2,23,3265,6.23333333333333,2.13
240403,2024-04,24,4,3,23,1355,5.95,2.735
240404,2024-04,24,4,4,23,3662,6.125,2.325
240405,2024-04,24,4,5,23,3608,6.6,2.4575
240409,2024-04,24,4,9,23,3019,5.9,2.265
240410,2024-04,24,4,10,23,3323,6.55,2.4225
240411,2024-04,24,4,11,23,2507,6.4,2.33333333333333
240412,2024-04,24,4,12,23,3216,6.1,2.4475
240413,2024-04,24,4,13,23,4156,6.175,2.245
240415,2024-04,24,4,15,23,3256,6.375,2.1525
240416,2024-04,24,4,16,23,3361,6.2,2.43666666666667
240417,2024-04,24,4,17,23,2290,6.55,2.4
240418,2024-04,24,4,18,23,2907,6.425,2.2225
240419,2024-04,24,4,19,23,3938,6.175,2.35
240420,2024-04,24,4,20,23,3807,6.125,2.605
240422,2024-04,24,4,22,23,3178,6.4,2.6
240423,2024-04,24,4,23,23,4069,6.625,2.195
240424,2024-04,24,4,24,23,4420.5,8.57142857142857,2.11571428571429
240425,2024-04,24,4,25,23,3481,9.25,1.91166666666667
240426,2024-04,24,4,26,23,3659,6.15,2.405
240427,2024-04,24,4,27,23,3825,6.175,2.115
240429,2024-04,24,4,29,23,3134,6.425,2.31
240430,2024-04,24,4,30,23,4211,5.975,2.3825
240501,2024-05,24,5,1,23,2472,6.15,2.14
240502,2024-05,24,5,2,23,4786,5.525,1.815
240504,2024-05,24,5,4,23,3492,6.25,2.0325
240506,2024-05,24,5,6,23,3107,6.32,2.596
240507,2024-05,24,5,7,23,3296,6.3,1.89666666666667
240508,2024-05,24,5,8,23,3416,6,2.26
240509,2024-05,24,5,9,23,2581,5.7,2.18
240510,2024-05,24,5,10,23,3539,6.075,2.27
240511,2024-05,24,5,11,23,4069,6.3,2.0425
240513,2024-05,24,5,13,23,4136,6.3,2.135
240514,2024-05,24,5,14,23,4781.5,6.93333333333333,2.06666666666667
240515,2024-05,24,5,15,23,3070,6.425,2.23
240516,2024-05,24,5,16,23,3373,5.4,2.2
240517,2024-05,24,5,17,23,3464,6.1,2.225
240518,2024-05,24,5,18,23,3821,6.425,2.39
240521,2024-05,24,5,21,23,2911,7.26666666666667,2.34333333333333
240522,2024-05,24,5,22,23,3465,7.4,2.265
240523,2024-05,24,5,23,23,3010,6.25,2.2625
240524,2024-05,24,5,24,23,2760,6.875,2.115
240525,2024-05,24,5,25,23,2557,6.36666666666667,2.20333333333333
240527,2024-05,24,5,27,23,3727,6.85,1.93166666666667
240528,2024-05,24,5,28,23,2765,6.425,2.5475
240529,2024-05,24,5,29,23,3171,6.5,2.2225
240531,2024-05,24,5,31,23,2637,7.6,2.26
240601,2024-06,24,6,1,23,3966,7.925,2.385
240603,2024-06,24,6,3,23,3133,7.4,2.11666666666667
240604,2024-06,24,6,4,23,2923,6.9,2.4125
240605,2024-06,24,6,5,23,3447,6.825,2.105
240606,2024-06,24,6,6,23,4601,7.5125,2.00875
240607,2024-06,24,6,7,23,3358,6.825,2.2275
240608,2024-06,24,6,8,23,3273,6.075,2.3525
240610,2024-06,24,6,10,23,4345,7.4,2.125
240611,2024-06,24,6,11,23,5656,6.475,2.0175
240612,2024-06,24,6,12,23,7620,5.925,1.95
240613,2024-06,24,6,13,23,4723,7.11666666666667,2.27
240614,2024-06,24,6,14,23,7022,7.05,2.425
240615,2024-06,24,6,15,23,4260,6.28571428571429,2.44571428571429
240617,2024-06,24,6,17,23,2795,7.4,2.5175
240618,2024-06,24,6,18,23,4864,6.61428571428571,2.54571428571429
240619,2024-06,24,6,19,23,5442,9.08181818181818,1.30363636363636
240620,2024-06,24,6,20,23,4915,6.51428571428571,1.81428571428571
240621,2024-06,24,6,21,23,6516,6.68333333333333,2.805
240622,2024-06,24,6,22,23,6418,9.22,1.596
240624,2024-06,24,6,24,23,3200,6.75,2.41
240625,2024-06,24,6,25,23,5708,7.45,2.08
240626,2024-06,24,6,26,23,3276,7.15,2.28
240627,2024-06,24,6,27,23,4100,7.875,2.5375
240712,2024-07,24,7,12,23,1962,7,2.33
240715,2024-07,24,7,15,23,505,6.7,1.58
240716,2024-07,24,7,16,23,668,7,1.68
240723,2024-07,24,7,23,23,655,7.1,2.41
240724,2024-07,24,7,24,23,1826,6.1,2.69
240725,2024-07,24,7,25,23,643,7.8,2.43
240829,2024-08,24,8,29,24,473,6.27199946299261,2.20571837104487
240907,2024-09,24,9,7,24,587,6.3,1.86
240909,2024-09,24,9,9,24,937,4.4,1.57
240913,2024-09,24,9,13,24,1343,6.35,2.09
240914,2024-09,24,9,14,24,2279,6.95,2.57
240917,2024-09,24,9,17,24,982,5.7,1.28
240918,2024-09,24,9,18,24,956,6.1,2.39
240920,2024-09,24,9,20,24,1492,5.55,2.295
240921,2024-09,24,9,21,24,2581,5.4,2.47333333333333
240923,2024-09,24,9,23,24,2028,6.2,2.16
240924,2024-09,24,9,24,24,727,5.1,2.19
240925,2024-09,24,9,25,24,558,6.5,2.56
240926,2024-09,24,9,26,24,2900,6.05,2.45
240927,2024-09,24,9,27,24,2416,5.73333333333333,2.20333333333333
240928,2024-09,24,9,28,24,1667,6.15,2.295
240930,2024-09,24,9,30,24,2661,5.26666666666667,1.89666666666667
241001,2024-10,24,10,1,24,1902,5.75,2.335
241002,2024-10,24,10,2,24,1618,5.7,1.94
241003,2024-10,24,10,3,24,2876,5.6,2.21666666666667
241004,2024-10,24,10,4,24,3189,6.325,2.245
241005,2024-10,24,10,5,24,2287,5.96666666666667,1.93333333333333
241007,2024-10,24,10,7,24,2408,5.85,1.735
241008,2024-10,24,10,8,24,702,6,2.16
241009,2024-10,24,10,9,24,3492,6.125,2
241010,2024-10,24,10,10,24,2721,5.375,1.96
241011,2024-10,24,10,11,24,2239,5.975,1.9075
241012,2024-10,24,10,12,24,2720,5.925,2.2875
241014,2024-10,24,10,14,24,3320,6.175,2.065
241015,2024-10,24,10,15,24,2806,5.83333333333333,1.98333333333333
241016,2024-10,24,10,16,24,1911,5.5,1.93
241017,2024-10,24,10,17,24,2524,6.075,2.065
241018,2024-10,24,10,18,24,2453,5.8,2.035
241019,2024-10,24,10,19,24,2621,5.675,1.9175
241021,2024-10,24,10,21,24,3037,5.375,2.0675
241022,2024-10,24,10,22,24,3039,5.375,2.0375
241023,2024-10,24,10,23,24,4318,5.1,1.885
241024,2024-10,24,10,24,24,4227,5.7,2.006
241025,2024-10,24,10,25,24,3276,5.65,2.0075
241026,2024-10,24,10,26,24,9886,9.2,0.978888888888889
241028,2024-10,24,10,28,24,2296,5.95,1.87
241029,2024-10,24,10,29,24,3095,5.36666666666667,1.63666666666667
241030,2024-10,24,10,30,24,1940,5.85,1.87
241031,2024-10,24,10,31,24,4299,5.55,1.9225
241104,2024-11,24,11,4,24,2949,6.35,1.9175
241105,2024-11,24,11,5,24,1509,6.3,1.80666666666667
241106,2024-11,24,11,6,24,3852,5.375,1.895
241107,2024-11,24,11,7,24,3348,6.325,2.2075
241108,2024-11,24,11,8,24,3456,6.125,1.8275
241109,2024-11,24,11,9,24,2192,6.2,2.25666666666667
241112,2024-11,24,11,12,24,3480,6.55,1.9725
241113,2024-11,24,11,13,24,4285,6.46,2.168
241114,2024-11,24,11,14,24,3874,6.45,1.8275
241115,2024-11,24,11,15,24,4598,6.475,1.5275
241116,2024-11,24,11,16,24,2972,7.075,1.8975
241118,2024-11,24,11,18,24,2073,6.26666666666667,1.83333333333333
241119,2024-11,24,11,19,24,3467,6.2,2.1625
241120,2024-11,24,11,20,24,2525,9.1,1.18
241121,2024-11,24,11,21,24,2864,5.76666666666667,1.92
241122,2024-11,24,11,22,24,1372,6.9,2.475
241123,2024-11,24,11,23,24,2565,6.725,2.0725
241125,2024-11,24,11,25,24,2899,5.5,2.25666666666667
241126,2024-11,24,11,26,24,2197,6.8,2.06333333333333
241127,2024-11,24,11,27,24,852,6.3,2.73
241128,2024-11,24,11,28,24,1167,6.15,2.25
241129,2024-11,24,11,29,24,727,6.6,1.8
241130,2024-11,24,11,30,24,1203,7.1,1.94
241202,2024-12,24,12,2,24,348,7.8,0.84
241203,2024-12,24,12,3,24,2101,5.9,2.175
241204,2024-12,24,12,4,24,684,5.6,1.75
241205,2024-12,24,12,5,24,1337,7.05,2.16
241206,2024-12,24,12,6,24,858,5.9,2.1
241207,2024-12,24,12,7,24,1391,7.3,2.175
241209,2024-12,24,12,9,24,730,7.2,2.14
241210,2024-12,24,12,10,24,1611,6.4,1.94
241211,2024-12,24,12,11,24,992,5.9,2.04
241214,2024-12,24,12,14,24,717,6.9,2.28
241216,2024-12,24,12,16,24,297,10.5,1.61
241217,2024-12,24,12,17,24,979,6.2,2
241218,2024-12,24,12,18,24,1136,6.8,2.03
241219,2024-12,24,12,19,24,830,6.2,1.96
241228,2024-12,24,12,28,24,917,6,2.49
250102,2025-01,25,1,2,24,1155,5.8,2.15
250103,2025-01,25,1,3,24,1298,5.9,2.15
250104,2025-01,25,1,4,24,779,6.4,1.85
250108,2025-01,25,1,8,24,2196,5.53333333333333,2.20333333333333
250109,2025-01,25,1,9,24,757,7.4,2.13
250111,2025-01,25,1,11,24,2711,6.5,2.19
250113,2025-01,25,1,13,24,234,8.3,1.44
250115,2025-01,25,1,15,24,1313,5.9,1.99
250117,2025-01,25,1,17,24,1316,5.9,1.83
250118,2025-01,25,1,18,24,2469,7.45,2.17
250121,2025-01,25,1,21,24,1200,6.2,2.26
250122,2025-01,25,1,22,24,1251,6.1,1.83
250123,2025-01,25,1,23,24,2473,6.56666666666667,1.97666666666667
250125,2025-01,25,1,25,24,2730,6.4,1.915
250127,2025-01,25,1,27,24,1900,6.875,2.185
250128,2025-01,25,1,28,24,11011.5,10.4428571428571,0.956190476190476
250129,2025-01,25,1,29,24,538,6.6,1.57
250131,2025-01,25,1,31,24,1392,6.85,1.97
250201,2025-02,25,2,1,24,3366,6.825,2.0575
250203,2025-02,25,2,3,24,811,6,2.3
250204,2025-02,25,2,4,24,1462,5.2,1.93
250205,2025-02,25,2,5,24,896,6.2,2.5
250207,2025-02,25,2,7,24,1136,6.5,2.17
250208,2025-02,25,2,8,24,2409,5.93333333333333,2.01
250210,2025-02,25,2,10,24,1657,5,1.92
250212,2025-02,25,2,12,24,1164,6.8,2.16
250214,2025-02,25,2,14,24,1135,6.9,1.71
250215,2025-02,25,2,15,24,2641,6.025,1.45
250217,2025-02,25,2,17,24,1968,6.23333333333333,2.01
250218,2025-02,25,2,18,24,3049,5.5,2.08
250219,2025-02,25,2,19,24,1959,7.3,2.1
250220,2025-02,25,2,20,24,1832,7.1,2.135
250221,2025-02,25,2,21,24,1113,5.3,2.07
250222,2025-02,25,2,22,24,2271,6.33333333333333,2.13666666666667
250224,2025-02,25,2,24,24,730,6.6,1.71
250225,2025-02,25,2,25,24,1860,7.25,2.12
250226,2025-02,25,2,26,24,890,5.2,2.89
250227,2025-02,25,2,27,24,1152,5.7,2.15
250228,2025-02,25,2,28,24,1249,5.3,1.96
250301,2025-03,25,3,1,24,3044,6.6,2.13
250303,2025-03,25,3,3,24,2127,6.15,1.98
250304,2025-03,25,3,4,24,860,6.1,1.83
250305,2025-03,25,3,5,24,2547,6.8,2.24333333333333
250306,2025-03,25,3,6,24,2504,5.86666666666667,2.13
250307,2025-03,25,3,7,24,3298,5.3,2.41333333333333
250308,2025-03,25,3,8,24,3003,5.56,2.106
250310,2025-03,25,3,10,24,3152,6.575,1.9925
250311,2025-03,25,3,11,24,2486,7.46666666666667,1.93
250312,2025-03,25,3,12,24,2828,6.66,2.294
250313,2025-03,25,3,13,24,4302,6.375,2.15
250314,2025-03,25,3,14,24,3259,5.35,2.1575
250315,2025-03,25,3,15,24,3606,7.16,2.132
250317,2025-03,25,3,17,24,2942,6.375,2.075
250318,2025-03,25,3,18,24,2219,6.1,1.87
250319,2025-03,25,3,19,24,2630,7.83333333333333,2.48333333333333
250320,2025-03,25,3,20,24,1581,6.5,2.225
250321,2025-03,25,3,21,24,2393,6.65,2.26
250322,2025-03,25,3,22,24,3712,6.375,1.9725
250324,2025-03,25,3,24,24,2122,7.05,2.235
250326,2025-03,25,3,26,24,2743,6.83333333333333,1.82333333333333
250327,2025-03,25,3,27,24,3622,6.55,2.3825
250328,2025-03,25,3,28,24,2620,7.2,2.28
250329,2025-03,25,3,29,24,3360,5.625,1.77125
250331,2025-03,25,3,31,24,4078,6.85,2.255
250401,2025-04,25,4,1,24,3043,7.125,2.0625
250402,2025-04,25,4,2,24,1147,6.85,2.01
250403,2025-04,25,4,3,24,1926,5,1.985
250404,2025-04,25,4,4,24,1367,7.16666666666667,2.12
250405,2025-04,25,4,5,24,3139,6.325,1.9325
250407,2025-04,25,4,7,24,3183,7.075,2.0725
250409,2025-04,25,4,9,24,2915,6.76666666666667,1.87666666666667
250410,2025-04,25,4,10,24,1534,6.75,2.255
250411,2025-04,25,4,11,24,1005,7.1,2.52
250412,2025-04,25,4,12,24,3389,6.46,2.188
250415,2025-04,25,4,15,24,804,6.5,1.96
250423,2025-04,25,4,23,24,972,5.9,2.95
250424,2025-04,25,4,24,24,2044,6.8,2.275
250425,2025-04,25,4,25,24,1233,7.3,2.08
250426,2025-04,25,4,26,24,657,5.9,1.91
250428,2025-04,25,4,28,24,896,5.9,1.84
250429,2025-04,25,4,29,24,3525,6.55,2.2525
250430,2025-04,25,4,30,24,1959,7.06666666666667,1.85
250501,2025-05,25,5,1,24,669,8.4,1.97
250502,2025-05,25,5,2,24,1475,7.15,2.295
250505,2025-05,25,5,5,24,977,6.8,1.78
250506,2025-05,25,5,6,24,1596,7.1,2.225
250507,2025-05,25,5,7,24,2405,6.66666666666667,1.99666666666667
250508,2025-05,25,5,8,24,1308,6.85,2.365
250509,2025-05,25,5,9,24,3369,6.825,2.0425
250510,2025-05,25,5,10,24,1808,7.35,1.865
250512,2025-05,25,5,12,24,3785,6.4,1.73
250514,2025-05,25,5,14,24,995,8.45,2.185
250515,2025-05,25,5,15,24,3006,7.46,1.97
250516,2025-05,25,5,16,24,713,6.8,1.88
250517,2025-05,25,5,17,24,1676,7.3,1.835
250519,2025-05,25,5,19,24,1548,7,2.42
250520,2025-05,25,5,20,24,394,7,2.45
250521,2025-05,25,5,21,24,1066,7.6,1.775
250523,2025-05,25,5,23,24,2423,7.1,1.71
250524,2025-05,25,5,24,24,390,7,2.08
250526,2025-05,25,5,26,24,2958.5,8.03333333333333,2.24
250527,2025-05,25,5,27,24,35,9.2,2.11
250528,2025-05,25,5,28,24,1006,7.8,1.75
250530,2025-05,25,5,30,24,5189.5,8.73333333333333,1.78333333333333
250531,2025-05,25,5,31,24,4415.5,8.375,1.5975
250602,2025-06,25,6,2,24,1276,6.5,1.78
250604,2025-06,25,6,4,24,2061,7.5,1.93666666666667
250607,2025-06,25,6,7,24,1316,6.55,2.13
250613,2025-06,25,6,13,24,1347,7,1.94
250614,2025-06,25,6,14,24,931,6.8,1.525
250616,2025-06,25,6,16,24,733,6.9,1.36
250618,2025-06,25,6,18,24,498,6.8,1.96
250620,2025-06,25,6,20,24,407,6.3,1.65
250621,2025-06,25,6,21,24,832,6.1,1.28
250623,2025-06,25,6,23,24,1320,6.1,1.5
250627,2025-06,25,6,27,24,1325,6.8,1.81
250719,2025-07,25,7,19,24,1065,7.5,1.72
250724,2025-07,25,7,24,24,965,5.2,1.58
250818,2025-08,25,8,18,24,371,6.2,2.1
250823,2025-08,25,8,23,24,1248,6.5,1.49
