Kilo,Data
341,19.06.2018
"1712,5",23.01.2019
546,30.01.2019
"1080,5",31.01.2019
"821,5",1.02.2019
1327,1.02.2019
"4193,5",4.02.2019
676,4.02.2019
"1013,5",5.02.2019
"3447,5",6.02.2019
"1155,5",6.02.2019
"2577,5",6.02.2019
"621,5",7.02.2019
"1017,5",7.02.2019
907,7.02.2019
467,8.02.2019
1362,8.02.2019
"1231,5",9.02.2019
643,9.02.2019
322,11.02.2019
"810,5",11.02.2019
694,13.02.2019
"900,5",13.02.2019
"2166,5",13.02.2019
743,14.02.2019
2762,14.02.2019
1197,14.02.2019
1892,14.02.2019
"9159,5",15.02.2019
530,15.02.2019
737,15.02.2019
559,16.02.2019
"712,5",16.02.2019
981,16.02.2019
"1439,5",16.02.2019
"2961,5",19.02.2019
590,19.02.2019
988,20.02.2019
1159,20.02.2019
822,21.02.2019
918,21.02.2019
556,21.02.2019
"3645,5",22.02.2019
"1934,5",22.02.2019
496,22.02.2019
"828,5",22.02.2019
"836,5",23.02.2019
1700,23.02.2019
1125,23.02.2019
1156,23.02.2019
754,25.02.2019
687,26.02.2019
969,27.02.2019
840,27.02.2019
"681,5",27.02.2019
"4809,5",28.02.2019
"792,5",28.02.2019
678,1.03.2019
"2057,5",1.03.2019
"752,5",2.03.2019
1580,4.03.2019
"318,5",4.03.2019
1652,5.03.2019
"760,5",5.03.2019
828,5.03.2019
"778,5",6.03.2019
745,6.03.2019
"806,5",7.03.2019
"1186,5",7.03.2019
1655,8.03.2019
1156,8.03.2019
1954,8.03.2019
383,9.03.2019
730,9.03.2019
969,11.03.2019
"840,5",12.03.2019
3000,13.03.2019
2514,13.03.2019
1307,13.03.2019
"969,5",13.03.2019
"1021,5",13.03.2019
1073,14.03.2019
885,14.03.2019
2072,15.03.2019
"960,5",15.03.2019
2909,16.03.2019
1048,16.03.2019
"5226,5",18.03.2019
529,18.03.2019
"901,5",18.03.2019
"418,5",20.03.2019
518,20.03.2019
"1447,5",20.03.2019
2891,21.03.2019
"991,5",21.03.2019
"919,5",21.03.2019
2062,23.03.2019
940,23.03.2019
924,26.03.2019
"2594,5",26.03.2019
638,26.03.2019
"1908,5",27.03.2019
"225,5",27.03.2019
1099,27.03.2019
"1652,5",28.03.2019
567,28.03.2019
839,28.03.2019
1788,28.03.2019
"2410,5",29.03.2019
"834,5",29.03.2019
"2200,5",30.03.2019
1668,30.03.2019
832,30.03.2019
3131,1.04.2019
1072,1.04.2019
"736,5",1.04.2019
295,2.04.2019
1588,2.04.2019
936,3.04.2019
722,3.04.2019
"2206,5",3.04.2019
"657,5",4.04.2019
1154,4.04.2019
1074,5.04.2019
1374,5.04.2019
632,6.04.2019
"1197,5",6.04.2019
459,6.04.2019
2324,8.04.2019
"746,5",8.04.2019
1571,8.04.2019
"1052,5",8.04.2019
2321,9.04.2019
804,9.04.2019
"1982,5",9.04.2019
886,10.04.2019
679,10.04.2019
1227,10.04.2019
1261,11.04.2019
3683,11.04.2019
"1742,5",11.04.2019
"604,5",12.04.2019
4635,12.04.2019
1355,12.04.2019
543,13.04.2019
"859,5",13.04.2019
964,13.04.2019
"700,5",15.04.2019
"358,5",16.04.2019
"1217,5",16.04.2019
"986,5",17.04.2019
596,23.04.2019
1497,23.04.2019
672,23.04.2019
"461,5",24.04.2019
"1102,5",25.04.2019
2552,26.04.2019
"992,5",26.04.2019
635,27.04.2019
"2249,5",27.04.2019
"629,5",27.04.2019
1883,27.04.2019
"1644,5",29.04.2019
2869,29.04.2019
1033,29.04.2019
"701,5",30.04.2019
"519,5",1.05.2019
"1771,5",1.05.2019
"496,5",2.05.2019
600,2.05.2019
"3459,5",2.05.2019
"438,5",6.05.2019
842,6.05.2019
192,7.05.2019
412,7.05.2019
"347,5",9.05.2019
905,9.05.2019
876,9.05.2019
373,9.05.2019
430,9.05.2019
"775,5",10.05.2019
471,10.05.2019
957,10.05.2019
2754,11.05.2019
726,13.05.2019
"1730,5",13.05.2019
"1123,5",14.05.2019
870,15.05.2019
1429,16.05.2019
310,17.05.2019
"441,5",17.05.2019
"1485,5",18.05.2019
"1755,5",18.05.2019
"613,5",20.05.2019
2059,20.05.2019
"658,5",20.05.2019
"633,5",21.05.2019
"1560,5",21.05.2019
638,22.05.2019
883,22.05.2019
423,23.05.2019
400,23.05.2019
396,24.05.2019
"1102,5",24.05.2019
"452,5",25.05.2019
723,25.05.2019
1369,25.05.2019
"456,5",27.05.2019
1019,27.05.2019
949,27.05.2019
"2113,5",28.05.2019
6038,29.05.2019
548,30.05.2019
1209,30.05.2019
2000,31.05.2019
"2481,4",31.05.2019
733,31.05.2019
"296,5",31.05.2019
"302,5",1.06.2019
614,1.06.2019
821,3.06.2019
459,4.06.2019
670,5.06.2019
"925,5",5.06.2019
"1636,5",5.06.2019
566,7.06.2019
812,7.06.2019
"709,5",8.06.2019
"1104,5",8.06.2019
"365,5",11.06.2019
701,12.06.2019
700,12.06.2019
"485,5",12.06.2019
"965,5",13.06.2019
"597,5",14.06.2019
"897,5",14.06.2019
946,15.06.2019
"163,5",15.06.2019
513,18.06.2019
1071,19.06.2019
2023,19.06.2019
501,22.06.2019
2104,25.06.2019
"363,5",26.06.2019
"425,5",29.06.2019
"943,5",1.07.2019
951,3.07.2019
618,4.07.2019
"2009,5",5.07.2019
1037,6.07.2019
1164,16.07.2019
"888,5",9.08.2019
"561,5",27.08.2019
"637,5",30.08.2019
7168,4.09.2019
"700,5",10.09.2019
973,12.09.2019
"462,5",16.09.2019
583,17.09.2019
"834,5",18.09.2019
562,19.09.2019
"668,5",19.09.2019
"369,5",20.09.2019
"1223,5",20.09.2019
879,21.09.2019
343,21.09.2019
980,22.09.2019
1401,26.09.2019
673,27.09.2019
377,28.09.2019
2318,30.09.2019
1376,1.10.2019
479,1.10.2019
"2123,5",2.10.2019
"1335,5",4.10.2019
"532,5",5.10.2019
451,5.10.2019
1309,5.10.2019
"744,5",5.10.2019
4597,7.10.2019
664,7.10.2019
2630,7.10.2019
"563,5",8.10.2019
576,9.10.2019
2179,10.10.2019
858,10.10.2019
670,10.10.2019
850,11.10.2019
1425,11.10.2019
1690,11.10.2019
620,11.10.2019
1298,11.10.2019
495,12.10.2019
"430,5",12.10.2019
325,14.10.2019
817,15.10.2019
340,16.10.2019
"683,5",16.10.2019
"562,5",16.10.2019
"457,5",17.10.2019
"846,5",19.10.2019
"1095,5",19.10.2019
"865,5",22.10.2019
"782,5",22.10.2019
"582,5",23.10.2019
2641,23.10.2019
"595,5",24.10.2019
"673,5",26.10.2019
"452,5",26.10.2019
502,26.10.2019
"1375,5",29.10.2019
"950,5",29.10.2019
"756,5",30.10.2019
1504,30.10.2019
"928,5",30.10.2019
"474,5",31.10.2019
"880,5",31.10.2019
"788,5",4.11.2019
649,4.11.2019
"832,5",4.11.2019
1128,5.11.2019
"738,5",8.11.2019
"795,5",12.11.2019
4237,14.11.2019
"1750,5",14.11.2019
"5369,5",14.11.2019
1440,15.11.2019
"1947,5",15.11.2019
"1609,5",15.11.2019
750,16.11.2019
"718,5",16.11.2019
"713,5",16.11.2019
"613,5",18.11.2019
962,19.11.2019
731,20.11.2019
1001,20.11.2019
"4112,5",21.11.2019
5227,21.11.2019
"824,5",21.11.2019
"3240,5",22.11.2019
"776,5",22.11.2019
"1339,5",22.11.2019
"797,5",23.11.2019
"839,5",23.11.2019
"1043,5",23.11.2019
"1697,5",25.11.2019
"671,5",25.11.2019
1045,26.11.2019
2602,26.11.2019
1693,26.11.2019
"3392,5",27.11.2019
"1029,5",27.11.2019
1090,27.11.2019
"994,5",28.11.2019
"1967,5",28.11.2019
1065,29.11.2019
4997,29.11.2019
928,30.11.2019
"400,5",30.11.2019
"2500,5",30.11.2019
723,2.12.2019
"1238,5",2.12.2019
983,3.12.2019
798,4.12.2019
"1117,5",5.12.2019
2628,5.12.2019
"568,5",5.12.2019
"1048,5",6.12.2019
"378,5",6.12.2019
"805,5",7.12.2019
"2916,8",9.12.2019
164,9.12.2019
479,10.12.2019
797,11.12.2019
830,11.12.2019
"1554,5",12.12.2019
657,12.12.2019
"457,5",12.12.2019
400,12.12.2019
"1050,5",12.12.2019
"2473,5",13.12.2019
1745,13.12.2019
1170,13.12.2019
"1230,5",14.12.2019
1420,14.12.2019
557,14.12.2019
"2650,5",14.12.2019
578,16.12.2019
193,16.12.2019
"798,6",17.12.2019
"2183,5",17.12.2019
"990,5",18.12.2019
"345,5",18.12.2019
924,19.12.2019
687,19.12.2019
"896,5",20.12.2019
"927,5",20.12.2019
"1097,5",21.12.2019
666,21.12.2019
988,23.12.2019
"646,5",23.12.2019
2923,23.12.2019
1570,23.12.2019
2775,27.12.2019
"837,5",28.12.2019
409,30.12.2019
2787,30.12.2019
4215,31.12.2019
1793,31.12.2019
669,4.01.2020
"1198,5",4.01.2020
"553,5",7.01.2020
"5745,5",7.01.2020
"3417,5",7.01.2020
"886,5",8.01.2020
"975,5",8.01.2020
"652,5",9.01.2020
944,9.01.2020
695,9.01.2020
650,10.01.2020
614,11.01.2020
"807,5",11.01.2020
"1220,5",11.01.2020
823,11.01.2020
3216,13.01.2020
587,13.01.2020
"974,5",13.01.2020
949,14.01.2020
"1053,5",14.01.2020
2996,14.01.2020
1225,14.01.2020
1087,14.01.2020
907,15.01.2020
"884,5",15.01.2020
974,15.01.2020
650,16.01.2020
1000,17.01.2020
"966,5",17.01.2020
"880,5",18.01.2020
475,18.01.2020
"753,5",18.01.2020
"1832,5",20.01.2020
"825,5",20.01.2020
2295,20.01.2020
"920,5",21.01.2020
626,21.01.2020
918,21.01.2020
1679,22.01.2020
592,22.01.2020
1159,22.01.2020
1237,22.01.2020
529,22.01.2020
710,23.01.2020
1076,23.01.2020
773,23.01.2020
"871,5",23.01.2020
"829,5",24.01.2020
743,24.01.2020
1017,24.01.2020
1292,24.01.2020
"1585,5",25.01.2020
654,25.01.2020
1161,25.01.2020
588,27.01.2020
814,27.01.2020
"594,5",27.01.2020
962,27.01.2020
"2196,5",28.01.2020
1047,28.01.2020
"866,5",28.01.2020
"789,5",29.01.2020
"770,5",29.01.2020
790,29.01.2020
2362,29.01.2020
1300,30.01.2020
3392,30.01.2020
"1137,5",30.01.2020
747,30.01.2020
"737,5",30.01.2020
1379,30.01.2020
1199,31.01.2020
468,31.01.2020
730,31.01.2020
"854,5",1.02.2020
669,1.02.2020
1771,1.02.2020
398,3.02.2020
"829,5",3.02.2020
739,3.02.2020
"1161,5",4.02.2020
"1024,5",4.02.2020
736,5.02.2020
828,5.02.2020
"1532,5",5.02.2020
"1271,5",5.02.2020
"838,5",6.02.2020
1071,6.02.2020
"957,5",6.02.2020
"672,5",6.02.2020
"699,5",7.02.2020
1850,7.02.2020
"849,5",7.02.2020
493,7.02.2020
1224,8.02.2020
932,8.02.2020
"644,5",10.02.2020
862,10.02.2020
1009,10.02.2020
"823,5",11.02.2020
612,11.02.2020
706,11.02.2020
1098,11.02.2020
"975,5",12.02.2020
"769,5",12.02.2020
"1348,5",12.02.2020
"772,5",13.02.2020
"849,5",14.02.2020
592,14.02.2020
921,14.02.2020
"927,5",15.02.2020
2551,15.02.2020
614,17.02.2020
"858,5",17.02.2020
924,17.02.2020
"611,5",18.02.2020
630,18.02.2020
"727,5",18.02.2020
1218,18.02.2020
988,19.02.2020
"845,5",19.02.2020
"734,5",20.02.2020
"648,5",21.02.2020
"1123,5",21.02.2020
"514,5",22.02.2020
"473,5",22.02.2020
"316,5",22.02.2020
"2320,5",24.02.2020
"2007,5",24.02.2020
"368,5",24.02.2020
"591,5",24.02.2020
599,25.02.2020
1558,25.02.2020
821,26.02.2020
233,26.02.2020
"2933,5",26.02.2020
"2364,5",26.02.2020
3588,27.02.2020
"548,5",27.02.2020
"4268,5",27.02.2020
"923,5",28.02.2020
2059,28.02.2020
1001,28.02.2020
1099,29.02.2020
"345,5",29.02.2020
"1826,5",2.03.2020
763,2.03.2020
2420,3.03.2020
645,3.03.2020
"1918,5",3.03.2020
2700,3.03.2020
3775,3.03.2020
1046,3.03.2020
"1948,5",3.03.2020
908,4.03.2020
941,4.03.2020
"996,5",4.03.2020
"2680,5",4.03.2020
"991,5",5.03.2020
837,5.03.2020
565,5.03.2020
1001,6.03.2020
1184,6.03.2020
1647,7.03.2020
715,7.03.2020
1134,7.03.2020
"1112,5",7.03.2020
854,9.03.2020
880,9.03.2020
1100,9.03.2020
"859,5",10.03.2020
622,10.03.2020
"804,5",11.03.2020
844,11.03.2020
"863,5",12.03.2020
"981,5",12.03.2020
978,12.03.2020
1871,13.03.2020
838,13.03.2020
765,14.03.2020
"1126,5",14.03.2020
660,16.03.2020
"1081,5",16.03.2020
928,16.03.2020
1067,16.03.2020
1437,17.03.2020
1916,17.03.2020
794,18.03.2020
605,18.03.2020
"1929,5",18.03.2020
"929,5",19.03.2020
"627,5",20.03.2020
"2551,5",21.03.2020
"896,5",21.03.2020
1047,23.03.2020
"890,5",23.03.2020
598,23.03.2020
3230,24.03.2020
"971,5",26.03.2020
"1735,5",26.03.2020
"1607,5",27.03.2020
"6107,5",27.03.2020
"372,5",27.03.2020
"1348,5",28.03.2020
"924,5",28.03.2020
"1194,5",30.03.2020
531,30.03.2020
694,30.03.2020
703,31.03.2020
"3716,5",31.03.2020
"715,5",1.04.2020
"903,5",1.04.2020
"756,5",3.04.2020
"2669,5",3.04.2020
2036,3.04.2020
1761,4.04.2020
2067,4.04.2020
1250,4.04.2020
501,4.04.2020
1615,6.04.2020
"1520,5",6.04.2020
"574,5",6.04.2020
1244,6.04.2020
"905,5",6.04.2020
"1367,5",7.04.2020
"1419,5",8.04.2020
887,9.04.2020
"531,5",9.04.2020
648,14.04.2020
738,15.04.2020
1418,15.04.2020
1044,16.04.2020
"1020,5",17.04.2020
"896,5",17.04.2020
"803,5",18.04.2020
1132,18.04.2020
"1169,5",18.04.2020
"2069,5",20.04.2020
"1066,5",20.04.2020
"2174,5",21.04.2020
"660,5",21.04.2020
"706,5",22.04.2020
980,22.04.2020
899,22.04.2020
"206,6",22.04.2020
"962,5",23.04.2020
"2506,5",24.04.2020
2926,24.04.2020
"2574,5",25.04.2020
547,25.04.2020
"1231,5",25.04.2020
"1348,5",27.04.2020
702,28.04.2020
1075,28.04.2020
1015,28.04.2020
"1777,5",29.04.2020
"962,5",29.04.2020
1040,29.04.2020
"786,5",30.04.2020
"1499,5",30.04.2020
"403,5",30.04.2020
1098,30.04.2020
"3065,5",1.05.2020
"687,5",1.05.2020
"813,5",1.05.2020
815,2.05.2020
"1049,5",2.05.2020
"1029,5",4.05.2020
930,4.05.2020
"694,5",4.05.2020
473,5.05.2020
"483,5",5.05.2020
1297,6.05.2020
"1056,5",6.05.2020
"992,5",7.05.2020
464,7.05.2020
"918,5",7.05.2020
614,8.05.2020
"1039,5",8.05.2020
902,8.05.2020
975,9.05.2020
"1384,5",9.05.2020
908,11.05.2020
559,11.05.2020
"522,5",12.05.2020
1065,12.05.2020
"729,5",13.05.2020
"959,5",13.05.2020
"539,5",15.05.2020
"442,5",15.05.2020
"2176,5",16.05.2020
323,16.05.2020
612,18.05.2020
"872,5",19.05.2020
"743,5",19.05.2020
"613,5",19.05.2020
1942,21.05.2020
"1401,5",22.05.2020
431,22.05.2020
"3637,5",22.05.2020
"1204,5",22.05.2020
"805,5",23.05.2020
"798,5",23.05.2020
"938,5",25.05.2020
798,25.05.2020
"584,5",25.05.2020
"2090,5",25.05.2020
"1884,5",26.05.2020
"1298,5",26.05.2020
1018,27.05.2020
393,27.05.2020
1275,27.05.2020
"1166,5",28.05.2020
"624,5",29.05.2020
"563,5",29.05.2020
1010,30.05.2020
1078,30.05.2020
"1977,5",2.06.2020
471,3.06.2020
1132,3.06.2020
652,4.06.2020
714,4.06.2020
1567,5.06.2020
"756,5",5.06.2020
"631,5",6.06.2020
777,6.06.2020
993,8.06.2020
422,9.06.2020
"685,5",10.06.2020
378,10.06.2020
"1290,5",12.06.2020
962,13.06.2020
"1186,5",13.06.2020
1786,13.06.2020
"1950,5",15.06.2020
"544,5",16.06.2020
"930,5",16.06.2020
603,17.06.2020
"1038,5",18.06.2020
"522,5",19.06.2020
"2490,5",19.06.2020
939,23.06.2020
1029,24.06.2020
365,27.06.2020
"499,5",27.06.2020
1272,9.07.2020
"2320,4",10.07.2020
742,10.07.2020
278,3.09.2020
5665,11.09.2020
"835,5",18.09.2020
970,22.09.2020
"764,5",23.09.2020
"990,5",26.09.2020
"1535,5",26.09.2020
623,28.09.2020
2724,28.09.2020
627,30.09.2020
1305,30.09.2020
"1319,5",1.10.2020
1862,1.10.2020
"1954,5",2.10.2020
"640,5",2.10.2020
"1026,5",2.10.2020
412,2.10.2020
1095,3.10.2020
1560,3.10.2020
"816,5",3.10.2020
"3019,5",3.10.2020
"312,5",5.10.2020
"1418,5",5.10.2020
2924,6.10.2020
"1894,5",6.10.2020
1116,6.10.2020
"694,5",7.10.2020
499,7.10.2020
"440,5",7.10.2020
4055,7.10.2020
880,8.10.2020
1204,8.10.2020
1048,8.10.2020
447,9.10.2020
955,9.10.2020
"715,5",9.10.2020
"1050,5",9.10.2020
586,9.10.2020
1690,10.10.2020
"551,5",10.10.2020
"596,5",12.10.2020
1129,12.10.2020
2400,12.10.2020
"605,5",12.10.2020
1649,13.10.2020
"715,5",14.10.2020
628,15.10.2020
"516,5",15.10.2020
584,16.10.2020
613,17.10.2020
1639,20.10.2020
"691,5",20.10.2020
"198,8",23.10.2020
511,23.10.2020
383,23.10.2020
561,24.10.2020
2321,24.10.2020
"343,5",26.10.2020
440,26.10.2020
251,27.10.2020
651,28.10.2020
"1014,5",28.10.2020
294,29.10.2020
1674,29.10.2020
823,30.10.2020
"1937,5",30.10.2020
2877,31.10.2020
2260,31.10.2020
"733,5",31.10.2020
521,3.11.2020
"848,5",3.11.2020
"1480,5",3.11.2020
738,3.11.2020
714,4.11.2020
505,4.11.2020
547,4.11.2020
1521,4.11.2020
"711,5",4.11.2020
"1545,5",5.11.2020
1630,5.11.2020
1279,5.11.2020
"1428,5",6.11.2020
505,6.11.2020
"584,5",7.11.2020
"658,3",7.11.2020
"477,5",7.11.2020
635,7.11.2020
"1930,5",9.11.2020
"1549,5",9.11.2020
1330,9.11.2020
"1274,5",9.11.2020
"1995,5",9.11.2020
531,12.11.2020
"422,5",14.11.2020
1482,14.11.2020
"957,5",14.11.2020
561,14.11.2020
813,16.11.2020
"848,5",17.11.2020
1394,17.11.2020
"1510,5",17.11.2020
696,18.11.2020
1914,19.11.2020
"384,5",19.11.2020
"763,5",20.11.2020
2389,20.11.2020
"1567,5",20.11.2020
"850,5",21.11.2020
2183,23.11.2020
760,23.11.2020
3368,26.11.2020
"468,5",26.11.2020
705,26.11.2020
"385,5",27.11.2020
537,27.11.2020
798,27.11.2020
"3009,5",27.11.2020
"1983,5",28.11.2020
1213,28.11.2020
"3462,5",28.11.2020
"1738,5",30.11.2020
2923,30.11.2020
"1351,5",30.11.2020
"760,5",30.11.2020
"1423,5",1.12.2020
1448,1.12.2020
758,1.12.2020
"1057,5",1.12.2020
4748,2.12.2020
1056,3.12.2020
891,4.12.2020
"661,5",4.12.2020
815,7.12.2020
"648,5",7.12.2020
2003,9.12.2020
368,9.12.2020
"1961,5",9.12.2020
889,10.12.2020
1430,10.12.2020
"1643,5",10.12.2020
2183,11.12.2020
"630,5",11.12.2020
878,11.12.2020
668,12.12.2020
1424,12.12.2020
1007,14.12.2020
"1880,5",14.12.2020
1634,14.12.2020
"392,8",15.12.2020
"1776,5",15.12.2020
"1119,5",15.12.2020
"4421,5",16.12.2020
"629,5",17.12.2020
874,17.12.2020
"632,5",18.12.2020
"656,5",18.12.2020
617,19.12.2020
"3362,5",19.12.2020
1272,19.12.2020
315,21.12.2020
"1730,5",21.12.2020
490,21.12.2020
"709,5",21.12.2020
1552,22.12.2020
650,22.12.2020
1914,22.12.2020
"1975,5",22.12.2020
"660,5",28.12.2020
"928,5",29.12.2020
752,29.12.2020
684,29.12.2020
"869,5",29.12.2020
"1160,5",29.12.2020
693,30.12.2020
1150,31.12.2020
"760,5",31.12.2020
874,31.12.2020
"1962,5",31.12.2020
765,2.01.2021
"346,5",2.01.2021
1216,2.01.2021
703,4.01.2021
585,4.01.2021
"896,5",4.01.2021
511,5.01.2021
1041,5.01.2021
1825,5.01.2021
615,7.01.2021
101,7.01.2021
"744,5",7.01.2021
768,7.01.2021
663,8.01.2021
"638,5",8.01.2021
779,8.01.2021
"505,5",9.01.2021
1075,9.01.2021
458,9.01.2021
608,11.01.2021
954,11.01.2021
1005,11.01.2021
"921,5",11.01.2021
"699,5",12.01.2021
"949,5",12.01.2021
878,12.01.2021
"1267,5",13.01.2021
716,13.01.2021
"858,5",13.01.2021
"892,5",14.01.2021
675,14.01.2021
589,14.01.2021
"580,5",14.01.2021
"2012,5",14.01.2021
674,15.01.2021
"548,5",16.01.2021
"637,5",16.01.2021
"2002,7",18.01.2021
820,18.01.2021
1128,19.01.2021
556,19.01.2021
"1973,5",20.01.2021
513,20.01.2021
317,20.01.2021
2062,21.01.2021
741,21.01.2021
432,21.01.2021
"746,5",22.01.2021
735,22.01.2021
"1556,5",23.01.2021
"910,8",23.01.2021
1355,23.01.2021
1382,23.01.2021
"1395,5",23.01.2021
867,25.01.2021
2074,25.01.2021
932,25.01.2021
868,26.01.2021
850,26.01.2021
1427,26.01.2021
"1302,5",27.01.2021
763,28.01.2021
"801,5",28.01.2021
"2003,5",29.01.2021
697,29.01.2021
"655,5",29.01.2021
550,29.01.2021
"1981,5",29.01.2021
"1070,5",30.01.2021
699,30.01.2021
"539,5",30.01.2021
"1162,5",1.02.2021
1558,1.02.2021
"587,5",1.02.2021
"896,5",1.02.2021
"1160,5",3.02.2021
862,3.02.2021
660,3.02.2021
"806,5",4.02.2021
991,4.02.2021
"948,5",4.02.2021
"958,5",5.02.2021
"681,5",5.02.2021
"862,5",5.02.2021
"699,5",6.02.2021
500,6.02.2021
"1922,5",6.02.2021
"532,6",6.02.2021
911,8.02.2021
869,8.02.2021
"413,5",8.02.2021
421,8.02.2021
"648,5",9.02.2021
778,9.02.2021
1000,9.02.2021
835,10.02.2021
"605,5",10.02.2021
914,11.02.2021
"1602,5",11.02.2021
1695,12.02.2021
"857,5",13.02.2021
1878,15.02.2021
876,15.02.2021
"779,5",16.02.2021
"1555,5",16.02.2021
635,16.02.2021
"428,5",16.02.2021
756,17.02.2021
"816,5",17.02.2021
256,17.02.2021
"744,5",18.02.2021
2346,18.02.2021
"399,5",19.02.2021
"714,5",20.02.2021
"749,5",20.02.2021
"547,5",20.02.2021
721,22.02.2021
"713,5",22.02.2021
506,22.02.2021
1970,22.02.2021
1112,23.02.2021
"2554,5",23.02.2021
"809,5",23.02.2021
929,24.02.2021
"833,5",24.02.2021
"886,5",25.02.2021
"530,5",25.02.2021
1589,25.02.2021
"623,5",26.02.2021
669,26.02.2021
"570,5",27.02.2021
"806,5",27.02.2021
"919,5",27.02.2021
1724,27.02.2021
513,1.03.2021
803,1.03.2021
"3175,5",1.03.2021
606,1.03.2021
"4211,5",3.03.2021
1512,4.03.2021
591,4.03.2021
1335,6.03.2021
"1040,5",6.03.2021
"970,5",6.03.2021
"1395,5",6.03.2021
"646,5",8.03.2021
1169,8.03.2021
724,8.03.2021
484,9.03.2021
1109,9.03.2021
2033,10.03.2021
510,11.03.2021
1381,11.03.2021
734,11.03.2021
1623,11.03.2021
"544,5",12.03.2021
"2024,5",12.03.2021
879,13.03.2021
"650,5",13.03.2021
"668,5",13.03.2021
563,15.03.2021
"507,5",15.03.2021
"2991,5",15.03.2021
4686,16.03.2021
735,16.03.2021
653,17.03.2021
"699,5",17.03.2021
902,17.03.2021
660,17.03.2021
1984,18.03.2021
"536,5",18.03.2021
"1637,5",18.03.2021
728,18.03.2021
"752,5",20.03.2021
"802,5",20.03.2021
"741,5",20.03.2021
"674,5",20.03.2021
748,22.03.2021
793,22.03.2021
"922,5",22.03.2021
"2354,5",24.03.2021
830,24.03.2021
"780,5",24.03.2021
"2812,5",26.03.2021
2438,26.03.2021
1505,26.03.2021
"281,5",27.03.2021
500,27.03.2021
"838,5",27.03.2021
3153,29.03.2021
927,29.03.2021
"2400,5",29.03.2021
846,29.03.2021
"695,5",30.03.2021
"711,5",30.03.2021
726,31.03.2021
791,31.03.2021
"791,5",1.04.2021
855,1.04.2021
"2453,5",1.04.2021
"544,5",6.04.2021
1034,6.04.2021
"1761,5",7.04.2021
2110,7.04.2021
714,7.04.2021
"1978,5",8.04.2021
412,8.04.2021
1609,8.04.2021
603,9.04.2021
1673,9.04.2021
"1025,5",9.04.2021
"895,8",9.04.2021
1492,9.04.2021
"756,5",10.04.2021
727,10.04.2021
"860,5",10.04.2021
"2172,5",12.04.2021
1071,12.04.2021
"1018,5",12.04.2021
1225,13.04.2021
"1059,5",13.04.2021
804,13.04.2021
"787,5",14.04.2021
"567,5",14.04.2021
"581,5",14.04.2021
"518,5",15.04.2021
715,16.04.2021
659,16.04.2021
1365,17.04.2021
"855,5",17.04.2021
840,17.04.2021
"718,5",19.04.2021
440,19.04.2021
1779,20.04.2021
665,20.04.2021
424,20.04.2021
"614,5",20.04.2021
"899,5",21.04.2021
"598,5",21.04.2021
523,21.04.2021
716,22.04.2021
907,22.04.2021
608,23.04.2021
"884,5",23.04.2021
599,23.04.2021
"1230,5",23.04.2021
434,24.04.2021
"745,5",24.04.2021
"1137,5",24.04.2021
"657,5",24.04.2021
1896,26.04.2021
977,26.04.2021
"546,5",26.04.2021
"1775,5",26.04.2021
843,27.04.2021
"861,5",27.04.2021
"511,5",27.04.2021
408,28.04.2021
"701,5",28.04.2021
"872,5",28.04.2021
"858,5",28.04.2021
868,29.04.2021
"1357,5",29.04.2021
983,30.04.2021
"892,5",30.04.2021
"3414,5",30.04.2021
"671,5",30.04.2021
1643,30.04.2021
823,1.05.2021
"793,5",1.05.2021
885,1.05.2021
921,1.05.2021
"953,5",4.05.2021
"696,5",4.05.2021
2162,4.05.2021
664,4.05.2021
914,5.05.2021
"698,5",5.05.2021
"500,5",5.05.2021
1337,5.05.2021
"1337,5",5.05.2021
"816,5",6.05.2021
973,6.05.2021
424,6.05.2021
"669,5",7.05.2021
"810,5",7.05.2021
831,7.05.2021
"541,5",7.05.2021
351,7.05.2021
"479,5",8.05.2021
"212,5",8.05.2021
"848,5",8.05.2021
"284,5",8.05.2021
"1110,5",10.05.2021
"2898,5",10.05.2021
"1408,5",10.05.2021
925,11.05.2021
1184,11.05.2021
"588,5",12.05.2021
653,12.05.2021
812,12.05.2021
413,13.05.2021
"621,5",13.05.2021
341,13.05.2021
"633,5",13.05.2021
529,14.05.2021
257,14.05.2021
"576,5",14.05.2021
570,15.05.2021
"1152,5",15.05.2021
"947,5",15.05.2021
489,15.05.2021
"1288,5",17.05.2021
837,17.05.2021
830,18.05.2021
"750,5",18.05.2021
786,18.05.2021
816,18.05.2021
"897,5",19.05.2021
585,19.05.2021
1955,20.05.2021
457,20.05.2021
790,20.05.2021
1179,21.05.2021
"328,5",21.05.2021
834,21.05.2021
1078,22.05.2021
"971,5",22.05.2021
509,25.05.2021
2461,25.05.2021
"363,5",25.05.2021
606,25.05.2021
"691,5",25.05.2021
"1630,5",25.05.2021
"958,5",26.05.2021
"823,5",26.05.2021
"884,5",26.05.2021
721,26.05.2021
531,27.05.2021
"802,5",27.05.2021
677,27.05.2021
939,28.05.2021
653,28.05.2021
"749,5",29.05.2021
"903,5",29.05.2021
1213,29.05.2021
621,29.05.2021
"1082,5",31.05.2021
"815,5",31.05.2021
540,31.05.2021
"1803,5",1.06.2021
809,1.06.2021
1070,2.06.2021
471,2.06.2021
"583,5",2.06.2021
"878,5",4.06.2021
"750,5",4.06.2021
"903,5",4.06.2021
871,5.06.2021
"814,5",5.06.2021
736,7.06.2021
956,7.06.2021
738,7.06.2021
"2620,5",9.06.2021
1121,9.06.2021
"781,5",10.06.2021
"997,5",10.06.2021
1213,11.06.2021
"2698,5",12.06.2021
"1838,5",12.06.2021
"604,5",14.06.2021
568,14.06.2021
980,15.06.2021
"282,5",15.06.2021
390,16.06.2021
"543,5",17.06.2021
669,19.06.2021
736,19.06.2021
183,19.06.2021
"509,5",21.06.2021
660,21.06.2021
775,22.06.2021
"722,5",22.06.2021
"446,5",24.06.2021
1359,24.06.2021
"620,5",25.06.2021
"408,5",25.06.2021
"714,5",26.06.2021
"1209,5",30.06.2021
"464,5",1.07.2021
1900,2.07.2021
1816,2.07.2021
"1281,5",5.07.2021
"422,5",5.07.2021
842,9.07.2021
1079,19.07.2021
"660,5",20.07.2021
509,20.07.2021
1259,24.07.2021
"212,5",26.07.2021
"1798,5",28.07.2021
242,28.07.2021
795,15.09.2021
"3161,5",17.09.2021
890,17.09.2021
"1046,7",17.09.2021
614,22.09.2021
"856,5",22.09.2021
459,23.09.2021
358,25.09.2021
594,27.09.2021
669,28.09.2021
930,28.09.2021
914,29.09.2021
1260,29.09.2021
409,29.09.2021
763,30.09.2021
840,30.09.2021
1507,30.09.2021
2719,30.09.2021
223,2.10.2021
1799,2.10.2021
1089,4.10.2021
"2333,5",4.10.2021
2020,5.10.2021
1280,5.10.2021
444,5.10.2021
2061,6.10.2021
2265,6.10.2021
1704,6.10.2021
1031,7.10.2021
790,7.10.2021
938,7.10.2021
1021,8.10.2021
1231,8.10.2021
714,9.10.2021
838,9.10.2021
713,11.10.2021
2302,11.10.2021
"691,5",12.10.2021
1154,13.10.2021
1117,13.10.2021
"1173,5",14.10.2021
"660,5",14.10.2021
"799,5",14.10.2021
822,15.10.2021
637,15.10.2021
1185,16.10.2021
661,16.10.2021
"1616,5",16.10.2021
2479,18.10.2021
712,18.10.2021
"951,5",18.10.2021
695,18.10.2021
"502,5",19.10.2021
"2739,5",19.10.2021
1135,19.10.2021
"2073,9",19.10.2021
1359,20.10.2021
1441,20.10.2021
"1019,5",20.10.2021
1041,20.10.2021
852,21.10.2021
1178,21.10.2021
768,22.10.2021
498,22.10.2021
1300,22.10.2021
"1370,5",22.10.2021
853,23.10.2021
2946,23.10.2021
990,23.10.2021
"1120,5",25.10.2021
1002,25.10.2021
"1525,5",26.10.2021
846,26.10.2021
816,27.10.2021
984,27.10.2021
885,27.10.2021
2728,28.10.2021
1232,29.10.2021
871,30.10.2021
840,30.10.2021
"793,8",30.10.2021
"733,5",30.10.2021
"2606,5",3.11.2021
1796,3.11.2021
1098,4.11.2021
1017,4.11.2021
1864,4.11.2021
2953,4.11.2021
1430,5.11.2021
944,5.11.2021
1257,5.11.2021
520,6.11.2021
816,6.11.2021
1751,6.11.2021
1812,8.11.2021
2256,8.11.2021
837,9.11.2021
"1129,5",9.11.2021
2177,10.11.2021
3197,12.11.2021
674,13.11.2021
969,13.11.2021
944,15.11.2021
1118,15.11.2021
1611,15.11.2021
1704,16.11.2021
1585,16.11.2021
"3079,5",16.11.2021
"2193,5",17.11.2021
1142,17.11.2021
661,18.11.2021
"1111,5",18.11.2021
2175,19.11.2021
709,19.11.2021
702,19.11.2021
1926,20.11.2021
1525,20.11.2021
950,20.11.2021
952,20.11.2021
1367,22.11.2021
1888,22.11.2021
1079,22.11.2021
750,23.11.2021
2643,23.11.2021
1741,23.11.2021
1098,23.11.2021
638,24.11.2021
786,24.11.2021
759,25.11.2021
1227,25.11.2021
1477,25.11.2021
867,26.11.2021
498,26.11.2021
851,27.11.2021
842,27.11.2021
709,27.11.2021
751,29.11.2021
700,29.11.2021
930,29.11.2021
"2043,5",29.11.2021
822,30.11.2021
"1505,5",1.12.2021
586,1.12.2021
1313,1.12.2021
1729,1.12.2021
1144,2.12.2021
889,2.12.2021
694,2.12.2021
"2610,5",3.12.2021
595,3.12.2021
1054,4.12.2021
2041,4.12.2021
981,4.12.2021
530,7.12.2021
794,9.12.2021
1759,9.12.2021
"1014,5",10.12.2021
1795,10.12.2021
689,10.12.2021
770,10.12.2021
"855,5",11.12.2021
"1371,5",13.12.2021
1009,13.12.2021
1905,14.12.2021
1308,14.12.2021
818,14.12.2021
856,15.12.2021
918,16.12.2021
598,16.12.2021
1170,16.12.2021
625,16.12.2021
1724,17.12.2021
2309,17.12.2021
"742,5",17.12.2021
"897,5",17.12.2021
"1066,5",18.12.2021
1210,18.12.2021
1645,20.12.2021
337,20.12.2021
1001,20.12.2021
"2191,5",21.12.2021
701,22.12.2021
845,22.12.2021
946,22.12.2021
2041,23.12.2021
791,27.12.2021
423,29.12.2021
687,29.12.2021
1472,30.12.2021
2713,30.12.2021
767,30.12.2021
1382,31.12.2021
593,3.01.2022
"598,5",4.01.2022
701,4.01.2022
1255,4.01.2022
1407,7.01.2022
1146,7.01.2022
949,8.01.2022
940,8.01.2022
1259,8.01.2022
483,10.01.2022
537,10.01.2022
932,10.01.2022
788,11.01.2022
1024,11.01.2022
1540,11.01.2022
2513,12.01.2022
1136,12.01.2022
"934,5",12.01.2022
"4400,5",13.01.2022
2369,13.01.2022
1416,13.01.2022
740,13.01.2022
1051,13.01.2022
767,14.01.2022
1023,15.01.2022
"1790,5",15.01.2022
283,17.01.2022
1602,17.01.2022
1205,17.01.2022
5196,18.01.2022
781,18.01.2022
"1201,5",18.01.2022
869,19.01.2022
610,19.01.2022
1756,20.01.2022
541,20.01.2022
842,22.01.2022
1049,22.01.2022
1660,22.01.2022
814,24.01.2022
"1520,5",25.01.2022
1091,25.01.2022
986,26.01.2022
1093,26.01.2022
382,29.01.2022
341,29.01.2022
897,29.01.2022
"4375,5",31.01.2022
1156,31.01.2022
1182,31.01.2022
2152,1.02.2022
1005,1.02.2022
"2379,5",1.02.2022
"830,5",1.02.2022
925,3.02.2022
873,4.02.2022
1504,4.02.2022
1314,5.02.2022
1058,5.02.2022
1849,5.02.2022
"422,5",7.02.2022
1083,7.02.2022
"1202,4",7.02.2022
1108,8.02.2022
839,8.02.2022
4942,9.02.2022
985,9.02.2022
"606,5",10.02.2022
761,10.02.2022
1939,10.02.2022
1368,11.02.2022
1224,11.02.2022
"276,7",12.02.2022
"321,5",12.02.2022
"825,3",14.02.2022
835,15.02.2022
"1048,5",16.02.2022
900,16.02.2022
1528,16.02.2022
834,16.02.2022
628,17.02.2022
627,17.02.2022
"1067,5",17.02.2022
500,17.02.2022
1036,18.02.2022
"1572,5",18.02.2022
1107,19.02.2022
"1775,5",19.02.2022
1563,19.02.2022
"1574,5",21.02.2022
466,21.02.2022
1093,21.02.2022
1033,21.02.2022
4588,21.02.2022
1027,22.02.2022
1282,22.02.2022
1031,28.02.2022
836,28.02.2022
"3043,5",28.02.2022
"1505,5",1.03.2022
"648,5",1.03.2022
2111,2.03.2022
"766,5",2.03.2022
"941,5",2.03.2022
919,3.03.2022
2467,3.03.2022
2124,4.03.2022
741,4.03.2022
"870,5",4.03.2022
1868,5.03.2022
712,5.03.2022
1242,5.03.2022
831,7.03.2022
"3197,5",7.03.2022
1225,7.03.2022
"1235,5",8.03.2022
925,9.03.2022
"940,5",9.03.2022
654,10.03.2022
1468,10.03.2022
933,10.03.2022
"1248,5",11.03.2022
840,12.03.2022
"1061,5",12.03.2022
1228,12.03.2022
754,12.03.2022
810,14.03.2022
"3365,5",14.03.2022
"422,5",14.03.2022
1263,15.03.2022
1795,15.03.2022
"2206,5",16.03.2022
409,16.03.2022
1037,17.03.2022
815,17.03.2022
1083,18.03.2022
915,18.03.2022
"737,5",19.03.2022
"507,5",19.03.2022
2063,21.03.2022
1297,21.03.2022
1861,22.03.2022
"799,5",22.03.2022
"1479,5",23.03.2022
1885,23.03.2022
376,24.03.2022
2297,24.03.2022
634,26.03.2022
"1479,5",26.03.2022
"798,5",26.03.2022
998,28.03.2022
1214,28.03.2022
"1192,5",28.03.2022
2265,28.03.2022
"582,5",30.03.2022
"5322,5",30.03.2022
756,30.03.2022
1212,30.03.2022
"2211,5",30.03.2022
650,31.03.2022
4807,1.04.2022
2444,1.04.2022
"950,5",1.04.2022
1434,2.04.2022
1572,2.04.2022
2514,4.04.2022
977,4.04.2022
"2476,5",5.04.2022
"1540,5",5.04.2022
1276,5.04.2022
"639,5",5.04.2022
562,6.04.2022
1271,6.04.2022
"2095,5",6.04.2022
"1739,5",7.04.2022
732,7.04.2022
2752,8.04.2022
1026,8.04.2022
1660,8.04.2022
497,9.04.2022
"2307,5",9.04.2022
961,9.04.2022
2629,11.04.2022
"1115,5",11.04.2022
2176,11.04.2022
"1501,5",11.04.2022
"1102,5",12.04.2022
"647,5",12.04.2022
2596,12.04.2022
"868,5",12.04.2022
1309,12.04.2022
396,13.04.2022
"1181,5",13.04.2022
641,13.04.2022
469,13.04.2022
972,14.04.2022
976,14.04.2022
1020,14.04.2022
664,19.04.2022
"911,5",19.04.2022
493,19.04.2022
400,19.04.2022
1105,19.04.2022
"1501,5",20.04.2022
677,20.04.2022
1149,21.04.2022
626,21.04.2022
608,21.04.2022
"765,5",22.04.2022
891,22.04.2022
312,22.04.2022
"674,5",23.04.2022
1487,23.04.2022
978,23.04.2022
"693,5",25.04.2022
704,25.04.2022
650,25.04.2022
1317,25.04.2022
727,26.04.2022
"2087,5",26.04.2022
1222,26.04.2022
1165,26.04.2022
860,27.04.2022
908,27.04.2022
551,28.04.2022
777,28.04.2022
1307,28.04.2022
660,29.04.2022
874,29.04.2022
995,29.04.2022
882,30.04.2022
"1026,5",30.04.2022
"740,5",30.04.2022
"1192,5",2.05.2022
803,2.05.2022
862,4.05.2022
818,4.05.2022
631,5.05.2022
497,5.05.2022
"1397,5",6.05.2022
953,6.05.2022
"500,5",6.05.2022
551,7.05.2022
1090,7.05.2022
1015,7.05.2022
1066,9.05.2022
1034,9.05.2022
"846,5",9.05.2022
"669,5",9.05.2022
1537,10.05.2022
347,11.05.2022
629,12.05.2022
560,13.05.2022
673,13.05.2022
1004,14.05.2022
971,16.05.2022
1097,16.05.2022
742,18.05.2022
1545,18.05.2022
897,19.05.2022
908,19.05.2022
441,20.05.2022
"519,5",21.05.2022
662,24.05.2022
"972,5",24.05.2022
1774,25.05.2022
3150,25.05.2022
1761,25.05.2022
800,26.05.2022
849,27.05.2022
469,27.05.2022
800,27.05.2022
1402,1.06.2022
1158,9.06.2022
"1627,5",10.06.2022
504,11.06.2022
378,14.06.2022
"727,5",21.06.2022
465,22.06.2022
416,24.06.2022
251,30.06.2022
161,2.07.2022
2154,2.07.2022
1284,13.07.2022
"634,5",13.07.2022
347,21.07.2022
139,13.09.2022
136,13.09.2022
"1481,4",19.09.2022
332,19.09.2022
580,19.09.2022
361,20.09.2022
652,22.09.2022
573,22.09.2022
817,23.09.2022
"897,5",24.09.2022
896,24.09.2022
672,26.09.2022
1206,27.09.2022
675,27.09.2022
"731,5",28.09.2022
1136,29.09.2022
1377,30.09.2022
"3819,5",1.10.2022
374,1.10.2022
828,4.10.2022
1218,4.10.2022
282,5.10.2022
499,5.10.2022
"789,5",6.10.2022
646,6.10.2022
948,7.10.2022
"2607,5",7.10.2022
"1524,5",7.10.2022
"986,5",8.10.2022
"1192,5",10.10.2022
841,10.10.2022
"504,5",11.10.2022
952,11.10.2022
1877,11.10.2022
1765,12.10.2022
"1705,5",12.10.2022
777,13.10.2022
1276,13.10.2022
1607,14.10.2022
1402,15.10.2022
"870,5",15.10.2022
"979,5",17.10.2022
1190,17.10.2022
697,17.10.2022
"945,5",17.10.2022
"1395,5",18.10.2022
"831,5",18.10.2022
723,18.10.2022
2060,18.10.2022
1839,19.10.2022
"1904,5",19.10.2022
620,20.10.2022
725,20.10.2022
1381,21.10.2022
750,21.10.2022
1450,21.10.2022
1190,22.10.2022
713,24.10.2022
1050,24.10.2022
424,25.10.2022
1359,25.10.2022
670,26.10.2022
2358,27.10.2022
773,27.10.2022
270,28.10.2022
1759,28.10.2022
609,28.10.2022
1641,29.10.2022
1038,29.10.2022
"642,5",31.10.2022
1468,31.10.2022
"820,5",31.10.2022
"1534,5",3.11.2022
889,3.11.2022
836,3.11.2022
1723,4.11.2022
"1412,5",4.11.2022
1263,4.11.2022
875,5.11.2022
1082,5.11.2022
3681,5.11.2022
856,7.11.2022
984,9.11.2022
657,9.11.2022
2791,12.11.2022
1121,14.11.2022
"1066,5",14.11.2022
"1499,5",15.11.2022
661,15.11.2022
"2829,5",16.11.2022
1203,17.11.2022
"3538,5",17.11.2022
"2361,5",18.11.2022
3065,18.11.2022
1049,19.11.2022
"712,5",19.11.2022
1120,21.11.2022
481,21.11.2022
2020,21.11.2022
391,21.11.2022
"3193,5",21.11.2022
"897,5",21.11.2022
"1356,5",21.11.2022
527,22.11.2022
2149,23.11.2022
616,23.11.2022
846,23.11.2022
388,24.11.2022
445,24.11.2022
867,25.11.2022
"749,5",25.11.2022
"682,5",26.11.2022
609,28.11.2022
2296,28.11.2022
"979,5",28.11.2022
1189,28.11.2022
"623,5",29.11.2022
"917,5",29.11.2022
1052,29.11.2022
2225,29.11.2022
"1245,5",29.11.2022
"364,5",30.11.2022
1448,1.12.2022
1658,1.12.2022
778,2.12.2022
876,2.12.2022
735,2.12.2022
991,2.12.2022
4052,3.12.2022
568,3.12.2022
543,3.12.2022
821,3.12.2022
955,5.12.2022
"2026,5",5.12.2022
"974,5",5.12.2022
862,5.12.2022
3742,5.12.2022
"1136,5",6.12.2022
575,6.12.2022
"1249,5",7.12.2022
983,7.12.2022
"1389,6",7.12.2022
"2314,7",9.12.2022
954,9.12.2022
9279,9.12.2022
"766,5",10.12.2022
"1724,5",10.12.2022
"680,5",12.12.2022
"974,5",12.12.2022
"846,5",12.12.2022
710,13.12.2022
1588,13.12.2022
1930,13.12.2022
1042,13.12.2022
1092,13.12.2022
2307,16.12.2022
"620,5",16.12.2022
955,17.12.2022
963,20.12.2022
782,20.12.2022
1841,21.12.2022
1980,23.12.2022
"1301,5",28.12.2022
2410,29.12.2022
"2361,2",29.12.2022
"1087,5",30.12.2022
653,30.12.2022
1424,30.12.2022
740,31.12.2022
781,31.12.2022
1990,31.12.2022
"639,5",2.01.2023
1534,2.01.2023
817,2.01.2023
1804,3.01.2023
877,3.01.2023
"942,5",4.01.2023
1153,4.01.2023
1099,4.01.2023
2554,4.01.2023
727,5.01.2023
"1664,5",5.01.2023
"718,5",5.01.2023
"518,5",5.01.2023
583,7.01.2023
"793,5",7.01.2023
975,7.01.2023
1100,7.01.2023
1182,9.01.2023
980,9.01.2023
371,9.01.2023
867,10.01.2023
1032,10.01.2023
"668,5",10.01.2023
764,11.01.2023
"632,5",11.01.2023
1589,12.01.2023
599,12.01.2023
1035,13.01.2023
835,13.01.2023
1005,13.01.2023
"2080,5",14.01.2023
738,14.01.2023
"586,5",14.01.2023
685,16.01.2023
"1672,5",16.01.2023
"719,5",17.01.2023
1151,17.01.2023
988,17.01.2023
855,17.01.2023
1037,18.01.2023
"956,5",18.01.2023
1057,18.01.2023
"1003,5",19.01.2023
2135,19.01.2023
"943,5",19.01.2023
1237,20.01.2023
"580,5",20.01.2023
672,20.01.2023
920,21.01.2023
"1165,5",21.01.2023
3404,23.01.2023
"2520,5",23.01.2023
939,23.01.2023
1000,24.01.2023
656,24.01.2023
2682,30.01.2023
2683,30.01.2023
"528,5",30.01.2023
"882,5",30.01.2023
2065,31.01.2023
779,31.01.2023
1000,31.01.2023
"986,5",31.01.2023
2658,31.01.2023
1140,31.01.2023
"1089,5",1.02.2023
"1235,5",3.02.2023
674,3.02.2023
1015,3.02.2023
2681,3.02.2023
"953,5",4.02.2023
"657,5",4.02.2023
1278,4.02.2023
"621,5",4.02.2023
1843,6.02.2023
"1739,5",6.02.2023
1063,6.02.2023
1044,6.02.2023
"2427,3",6.02.2023
"896,5",7.02.2023
4928,7.02.2023
"978,5",7.02.2023
536,8.02.2023
806,9.02.2023
945,9.02.2023
"709,5",10.02.2023
1198,10.02.2023
"605,8",10.02.2023
"1689,5",11.02.2023
"991,5",11.02.2023
2054,11.02.2023
556,13.02.2023
747,13.02.2023
721,13.02.2023
1209,13.02.2023
"801,5",14.02.2023
"2292,5",14.02.2023
"1990,5",15.02.2023
835,16.02.2023
"1196,5",16.02.2023
1480,16.02.2023
733,17.02.2023
"806,5",17.02.2023
856,17.02.2023
583,18.02.2023
561,18.02.2023
"2713,5",18.02.2023
"1088,5",18.02.2023
"419,5",18.02.2023
"1802,5",20.02.2023
1164,20.02.2023
572,20.02.2023
1516,21.02.2023
834,21.02.2023
1499,21.02.2023
"818,5",22.02.2023
"3878,5",22.02.2023
841,23.02.2023
966,23.02.2023
495,24.02.2023
1053,24.02.2023
"2417,5",25.02.2023
"619,5",25.02.2023
"836,5",25.02.2023
1141,25.02.2023
994,27.02.2023
1025,28.02.2023
718,28.02.2023
"2818,5",28.02.2023
2163,28.02.2023
"1051,5",1.03.2023
"1014,5",1.03.2023
611,1.03.2023
"737,5",2.03.2023
"577,5",3.03.2023
"624,5",3.03.2023
1792,3.03.2023
794,3.03.2023
"874,5",4.03.2023
"858,5",4.03.2023
279,6.03.2023
"792,5",6.03.2023
"531,5",6.03.2023
"620,5",8.03.2023
604,8.03.2023
3280,8.03.2023
"1140,5",8.03.2023
1045,8.03.2023
2760,9.03.2023
743,9.03.2023
"872,5",9.03.2023
"774,5",10.03.2023
"1344,5",10.03.2023
"1218,5",11.03.2023
"1516,5",11.03.2023
"645,5",11.03.2023
"2382,5",11.03.2023
"2703,5",11.03.2023
"1516,4",11.03.2023
1032,13.03.2023
543,13.03.2023
"798,5",13.03.2023
"1119,5",13.03.2023
"6642,5",14.03.2023
"749,5",15.03.2023
271,15.03.2023
1081,16.03.2023
516,16.03.2023
"1907,5",17.03.2023
"894,5",17.03.2023
909,17.03.2023
"898,5",18.03.2023
311,18.03.2023
"787,5",18.03.2023
"1285,5",20.03.2023
"1024,5",20.03.2023
"1284,5",20.03.2023
626,21.03.2023
898,21.03.2023
"1046,5",22.03.2023
1101,22.03.2023
1186,22.03.2023
2028,23.03.2023
790,23.03.2023
1861,24.03.2023
1799,24.03.2023
690,27.03.2023
"894,5",27.03.2023
791,27.03.2023
"2745,5",27.03.2023
736,28.03.2023
731,28.03.2023
1153,29.03.2023
822,29.03.2023
"536,5",29.03.2023
855,30.03.2023
628,30.03.2023
"735,5",30.03.2023
"1255,5",30.03.2023
676,31.03.2023
"927,5",31.03.2023
"2985,5",31.03.2023
878,1.04.2023
1300,1.04.2023
"1039,5",1.04.2023
1069,3.04.2023
"563,5",3.04.2023
"1159,5",3.04.2023
1437,3.04.2023
970,4.04.2023
1270,4.04.2023
768,5.04.2023
1572,5.04.2023
"724,5",6.04.2023
"1849,5",6.04.2023
"636,5",6.04.2023
875,6.04.2023
1699,11.04.2023
863,11.04.2023
594,11.04.2023
"1290,5",12.04.2023
"1259,5",12.04.2023
"725,5",13.04.2023
1094,13.04.2023
699,13.04.2023
"597,5",14.04.2023
1584,14.04.2023
1829,14.04.2023
1376,15.04.2023
463,15.04.2023
"1745,5",17.04.2023
"823,7",17.04.2023
"855,6",17.04.2023
"792,8",18.04.2023
1916,18.04.2023
1871,18.04.2023
1002,18.04.2023
3308,19.04.2023
"1707,5",19.04.2023
"707,5",19.04.2023
"1003,5",19.04.2023
671,20.04.2023
"792,5",21.04.2023
"844,5",21.04.2023
"1165,5",21.04.2023
1901,22.04.2023
1053,24.04.2023
"1159,5",24.04.2023
737,25.04.2023
"1067,5",25.04.2023
964,25.04.2023
"884,5",25.04.2023
902,26.04.2023
"1057,5",26.04.2023
"814,1",26.04.2023
1030,27.04.2023
1707,28.04.2023
694,28.04.2023
796,29.04.2023
1543,29.04.2023
1033,29.04.2023
1205,1.05.2023
"1606,5",1.05.2023
1898,1.05.2023
499,2.05.2023
855,2.05.2023
"2898,5",2.05.2023
826,4.05.2023
984,4.05.2023
1200,5.05.2023
736,5.05.2023
"1714,5",6.05.2023
957,6.05.2023
544,6.05.2023
579,6.05.2023
903,8.05.2023
"1547,5",8.05.2023
"2194,5",8.05.2023
"724,5",8.05.2023
2384,9.05.2023
974,9.05.2023
954,9.05.2023
903,9.05.2023
680,10.05.2023
222,10.05.2023
999,11.05.2023
740,11.05.2023
668,11.05.2023
972,11.05.2023
"1035,5",12.05.2023
1471,12.05.2023
660,12.05.2023
518,12.05.2023
"1360,5",15.05.2023
778,16.05.2023
1022,16.05.2023
"438,5",16.05.2023
484,17.05.2023
535,17.05.2023
1556,17.05.2023
"716,5",19.05.2023
"721,5",19.05.2023
"2208,5",20.05.2023
1138,20.05.2023
862,20.05.2023
"999,5",22.05.2023
918,22.05.2023
788,23.05.2023
931,23.05.2023
"2658,5",23.05.2023
526,24.05.2023
"893,5",24.05.2023
"666,5",24.05.2023
1065,25.05.2023
150,26.05.2023
851,26.05.2023
789,30.05.2023
"1676,5",30.05.2023
"674,5",31.05.2023
3097,31.05.2023
"3206,5",1.06.2023
498,1.06.2023
"746,5",1.06.2023
2019,1.06.2023
"693,5",2.06.2023
981,2.06.2023
"1310,5",3.06.2023
753,3.06.2023
1045,3.06.2023
1170,5.06.2023
842,5.06.2023
670,5.06.2023
741,6.06.2023
442,6.06.2023
"737,5",6.06.2023
"1754,5",7.06.2023
694,7.06.2023
774,7.06.2023
780,7.06.2023
1577,9.06.2023
893,10.06.2023
864,10.06.2023
762,12.06.2023
332,12.06.2023
"1201,5",12.06.2023
784,12.06.2023
898,12.06.2023
1413,13.06.2023
"577,5",13.06.2023
"837,5",14.06.2023
462,14.06.2023
"985,5",15.06.2023
723,15.06.2023
"541,5",16.06.2023
1760,16.06.2023
"1002,5",17.06.2023
1391,17.06.2023
"1042,5",17.06.2023
502,17.06.2023
887,19.06.2023
"861,5",19.06.2023
390,19.06.2023
934,20.06.2023
343,20.06.2023
790,20.06.2023
722,20.06.2023
"516,5",21.06.2023
635,21.06.2023
851,22.06.2023
"333,5",22.06.2023
"1048,5",22.06.2023
"749,5",23.06.2023
550,23.06.2023
571,23.06.2023
1085,24.06.2023
1083,24.06.2023
"486,5",24.06.2023
823,26.06.2023
"893,5",26.06.2023
"734,5",26.06.2023
"614,5",27.06.2023
460,27.06.2023
480,28.06.2023
469,28.06.2023
545,28.06.2023
1585,30.06.2023
672,30.06.2023
1801,30.06.2023
"1888,5",1.07.2023
831,1.07.2023
802,1.07.2023
126,1.07.2023
476,6.07.2023
384,8.07.2023
972,10.07.2023
382,13.07.2023
1153,17.07.2023
814,22.07.2023
425,27.07.2023
402,7.09.2023
348,11.09.2023
1080,12.09.2023
577,12.09.2023
605,13.09.2023
941,13.09.2023
2097,13.09.2023
1628,14.09.2023
1195,16.09.2023
1995,16.09.2023
925,16.09.2023
792,16.09.2023
622,18.09.2023
820,18.09.2023
2032,18.09.2023
5790,18.09.2023
1130,19.09.2023
958,19.09.2023
843,19.09.2023
754,19.09.2023
972,20.09.2023
1212,20.09.2023
1196,20.09.2023
907,22.09.2023
921,22.09.2023
1090,23.09.2023
1064,23.09.2023
460,25.09.2023
1349,26.09.2023
668,26.09.2023
962,27.09.2023
1136,27.09.2023
671,27.09.2023
572,29.09.2023
2879,29.09.2023
1376,29.09.2023
354,29.09.2023
1704,30.09.2023
1645,30.09.2023
2432,2.10.2023
2276,4.10.2023
3550,4.10.2023
549,4.10.2023
890,4.10.2023
992,5.10.2023
2462,5.10.2023
1669,5.10.2023
"1230,5",5.10.2023
1317,10.10.2023
3539,10.10.2023
832,10.10.2023
857,17.10.2023
890,19.10.2023
1167,19.10.2023
1275,19.10.2023
448,19.10.2023
2391,19.10.2023
612,19.10.2023
1715,20.10.2023
1055,20.10.2023
"885,5",20.10.2023
"2126,5",20.10.2023
2521,20.10.2023
556,20.10.2023
804,21.10.2023
1730,21.10.2023
2644,21.10.2023
766,21.10.2023
511,21.10.2023
898,21.10.2023
1305,23.10.2023
2501,23.10.2023
1039,23.10.2023
667,24.10.2023
1096,24.10.2023
890,24.10.2023
988,25.10.2023
587,25.10.2023
1635,25.10.2023
1656,25.10.2023
1177,26.10.2023
755,26.10.2023
591,26.10.2023
2919,26.10.2023
888,27.10.2023
751,27.10.2023
938,28.10.2023
1067,28.10.2023
337,28.10.2023
676,28.10.2023
858,28.10.2023
1433,28.10.2023
2946,30.10.2023
738,30.10.2023
814,30.10.2023
2267,30.10.2023
1024,31.10.2023
"1138,5",31.10.2023
1644,3.11.2023
1110,4.11.2023
686,4.11.2023
827,4.11.2023
1028,4.11.2023
789,4.11.2023
388,4.11.2023
1967,6.11.2023
773,6.11.2023
1045,6.11.2023
1334,6.11.2023
1639,7.11.2023
742,7.11.2023
"832,5",7.11.2023
1159,9.11.2023
874,9.11.2023
777,9.11.2023
2335,9.11.2023
4031,13.11.2023
2315,13.11.2023
1010,14.11.2023
1256,14.11.2023
1317,14.11.2023
"963,5",15.11.2023
1829,15.11.2023
1769,16.11.2023
1147,16.11.2023
913,18.11.2023
2086,18.11.2023
1203,18.11.2023
2286,20.11.2023
827,20.11.2023
1090,20.11.2023
979,21.11.2023
2263,21.11.2023
1675,23.11.2023
1521,23.11.2023
1149,23.11.2023
1985,23.11.2023
329,24.11.2023
555,24.11.2023
2099,24.11.2023
994,25.11.2023
1120,28.11.2023
"1443,7",29.11.2023
537,29.11.2023
490,30.11.2023
"789,5",30.11.2023
"318,5",1.12.2023
1572,1.12.2023
"1543,5",1.12.2023
1204,2.12.2023
2195,2.12.2023
3443,2.12.2023
1086,4.12.2023
919,4.12.2023
745,4.12.2023
431,4.12.2023
524,5.12.2023
893,5.12.2023
1148,5.12.2023
"486,5",6.12.2023
"1904,5",6.12.2023
922,11.12.2023
397,12.12.2023
752,12.12.2023
1246,13.12.2023
700,13.12.2023
785,13.12.2023
1950,13.12.2023
2631,14.12.2023
1084,15.12.2023
"962,5",15.12.2023
3937,18.12.2023
"701,5",18.12.2023
1414,18.12.2023
714,19.12.2023
862,19.12.2023
3224,19.12.2023
1152,19.12.2023
615,20.12.2023
501,20.12.2023
845,21.12.2023
593,22.12.2023
2775,22.12.2023
825,22.12.2023
"3651,8",22.12.2023
"2170,4",22.12.2023
"1127,5",27.12.2023
757,27.12.2023
1199,28.12.2023
755,28.12.2023
1384,28.12.2023
3102,29.12.2023
1667,29.12.2023
4262,29.12.2023
895,30.12.2023
1167,30.12.2023
813,2.01.2024
2165,2.01.2024
1179,3.01.2024
988,3.01.2024
650,4.01.2024
378,5.01.2024
777,8.01.2024
1469,9.01.2024
837,10.01.2024
1042,11.01.2024
1154,11.01.2024
2231,12.01.2024
1140,13.01.2024
1906,13.01.2024
913,15.01.2024
989,15.01.2024
3616,15.01.2024
767,15.01.2024
2784,16.01.2024
990,16.01.2024
1134,16.01.2024
855,17.01.2024
1883,18.01.2024
1523,18.01.2024
748,18.01.2024
848,19.01.2024
924,19.01.2024
696,19.01.2024
2154,20.01.2024
949,20.01.2024
1094,20.01.2024
730,22.01.2024
777,23.01.2024
1021,24.01.2024
915,24.01.2024
578,25.01.2024
699,25.01.2024
936,25.01.2024
5208,26.01.2024
851,26.01.2024
882,27.01.2024
731,27.01.2024
1801,27.01.2024
1027,29.01.2024
850,29.01.2024
"932,5",29.01.2024
119,29.01.2024
964,30.01.2024
2003,30.01.2024
682,30.01.2024
1848,5.02.2024
2271,5.02.2024
1824,5.02.2024
953,5.02.2024
1182,6.02.2024
289,6.02.2024
918,7.02.2024
794,7.02.2024
1043,7.02.2024
1052,8.02.2024
610,9.02.2024
1673,10.02.2024
2777,10.02.2024
738,10.02.2024
1000,10.02.2024
2099,12.02.2024
970,12.02.2024
1105,12.02.2024
1703,13.02.2024
1017,13.02.2024
917,13.02.2024
1102,13.02.2024
1442,14.02.2024
1198,15.02.2024
843,15.02.2024
1049,15.02.2024
2172,15.02.2024
1235,16.02.2024
621,16.02.2024
917,17.02.2024
788,17.02.2024
921,19.02.2024
5158,19.02.2024
1025,19.02.2024
1589,20.02.2024
844,21.02.2024
913,21.02.2024
1577,22.02.2024
1083,22.02.2024
1032,23.02.2024
1824,24.02.2024
2866,26.02.2024
631,26.02.2024
1360,27.02.2024
938,27.02.2024
832,27.02.2024
2146,27.02.2024
1089,28.02.2024
724,28.02.2024
1223,28.02.2024
610,28.02.2024
1468,28.02.2024
1015,29.02.2024
3215,29.02.2024
915,29.02.2024
1068,1.03.2024
2631,1.03.2024
1805,2.03.2024
778,2.03.2024
817,2.03.2024
1936,2.03.2024
3366,4.03.2024
1025,4.03.2024
2014,5.03.2024
1562,5.03.2024
844,5.03.2024
1056,5.03.2024
895,6.03.2024
627,6.03.2024
996,6.03.2024
1772,7.03.2024
846,7.03.2024
1103,8.03.2024
1082,8.03.2024
745,8.03.2024
291,9.03.2024
983,9.03.2024
1335,11.03.2024
933,11.03.2024
988,11.03.2024
1107,12.03.2024
2486,12.03.2024
723,13.03.2024
689,13.03.2024
726,14.03.2024
952,14.03.2024
910,14.03.2024
3482,15.03.2024
750,15.03.2024
798,15.03.2024
939,16.03.2024
1542,16.03.2024
1324,16.03.2024
584,18.03.2024
953,18.03.2024
3352,18.03.2024
852,18.03.2024
2881,19.03.2024
1001,19.03.2024
994,20.03.2024
1393,20.03.2024
1020,21.03.2024
923,22.03.2024
759,22.03.2024
791,23.03.2024
306,23.03.2024
859,25.03.2024
1422,25.03.2024
1120,25.03.2024
818,25.03.2024
1025,26.03.2024
730,26.03.2024
901,26.03.2024
778,27.03.2024
909,27.03.2024
3145,27.03.2024
1056,28.03.2024
563,28.03.2024
1116,2.04.2024
1299,2.04.2024
850,2.04.2024
737,3.04.2024
673,4.04.2024
984,4.04.2024
2388,5.04.2024
958,5.04.2024
752,5.04.2024
3723,9.04.2024
749,9.04.2024
893,10.04.2024
748,11.04.2024
616,11.04.2024
757,11.04.2024
386,11.04.2024
1465,12.04.2024
551,12.04.2024
1907,12.04.2024
772,13.04.2024
1257,13.04.2024
985,13.04.2024
1142,13.04.2024
"1655,9",14.04.2024
1005,15.04.2024
1801,15.04.2024
1280,16.04.2024
1967,16.04.2024
1385,16.04.2024
989,16.04.2024
2838,17.04.2024
602,18.04.2024
946,18.04.2024
1172,19.04.2024
1034,19.04.2024
595,19.04.2024
1208,20.04.2024
1136,20.04.2024
1347,20.04.2024
1338,22.04.2024
383,22.04.2024
959,22.04.2024
"1429,5",22.04.2024
2335,23.04.2024
1062,23.04.2024
711,23.04.2024
2163,23.04.2024
475,24.04.2024
763,24.04.2024
3363,25.04.2024
338,25.04.2024
2127,26.04.2024
929,26.04.2024
848,26.04.2024
2410,27.04.2024
535,27.04.2024
1073,27.04.2024
941,27.04.2024
1093,29.04.2024
808,29.04.2024
743,29.04.2024
636,30.04.2024
806,1.05.2024
1350,2.05.2024
2185,2.05.2024
1178,2.05.2024
558,4.05.2024
969,4.05.2024
939,4.05.2024
1033,6.05.2024
520,6.05.2024
3218,7.05.2024
590,7.05.2024
3029,7.05.2024
915,7.05.2024
2534,7.05.2024
1175,8.05.2024
3105,8.05.2024
521,8.05.2024
866,9.05.2024
622,9.05.2024
1587,10.05.2024
1278,10.05.2024
897,10.05.2024
785,10.05.2024
1179,10.05.2024
767,11.05.2024
1981,11.05.2024
817,13.05.2024
1138,13.05.2024
1142,13.05.2024
1800,13.05.2024
"1455,5",14.05.2024
767,14.05.2024
904,14.05.2024
902,14.05.2024
688,15.05.2024
768,15.05.2024
1019,15.05.2024
2690,15.05.2024
669,16.05.2024
1224,16.05.2024
634,16.05.2024
2993,17.05.2024
915,17.05.2024
721,17.05.2024
1011,17.05.2024
2119,18.05.2024
872,18.05.2024
870,18.05.2024
1029,18.05.2024
574,21.05.2024
955,21.05.2024
1723,22.05.2024
755,22.05.2024
517,23.05.2024
1230,23.05.2024
701,23.05.2024
657,24.05.2024
668,24.05.2024
455,25.05.2024
802,25.05.2024
900,25.05.2024
289,25.05.2024
1311,27.05.2024
1674,27.05.2024
1148,27.05.2024
373,27.05.2024
1778,29.05.2024
1978,29.05.2024
603,31.05.2024
778,1.06.2024
897,1.06.2024
1180,1.06.2024
1163,3.06.2024
381,3.06.2024
834,3.06.2024
1552,3.06.2024
889,4.06.2024
1000,4.06.2024
599,4.06.2024
417,4.06.2024
836,5.06.2024
1077,5.06.2024
"3428,5",5.06.2024
913,6.06.2024
820,6.06.2024
1126,6.06.2024
697,6.06.2024
952,7.06.2024
997,7.06.2024
1905,7.06.2024
750,7.06.2024
491,8.06.2024
635,8.06.2024
1250,8.06.2024
641,10.06.2024
725,10.06.2024
1319,10.06.2024
987,11.06.2024
953,11.06.2024
783,11.06.2024
1839,12.06.2024
551,12.06.2024
1602,12.06.2024
2990,13.06.2024
1290,13.06.2024
2017,14.06.2024
828,14.06.2024
911,14.06.2024
591,15.06.2024
1217,15.06.2024
890,15.06.2024
1091,15.06.2024
486,17.06.2024
1950,17.06.2024
469,18.06.2024
2307,18.06.2024
1665,19.06.2024
1080,19.06.2024
3262,19.06.2024
809,19.06.2024
1906,19.06.2024
1480,20.06.2024
509,20.06.2024
2511,20.06.2024
837,21.06.2024
527,21.06.2024
960,22.06.2024
1732,22.06.2024
1451,22.06.2024
904,22.06.2024
1630,24.06.2024
674,24.06.2024
713,25.06.2024
564,25.06.2024
910,25.06.2024
722,26.06.2024
916,26.06.2024
4043,27.06.2024
332,27.06.2024
1134,27.06.2024
505,15.07.2024
2211,25.07.2024
"761,5",12.08.2024
"236,5",29.08.2024
937,9.09.2024
522,13.09.2024
982,17.09.2024
956,18.09.2024
1961,20.09.2024
706,21.09.2024
221,23.09.2024
1021,23.09.2024
558,25.09.2024
741,26.09.2024
616,26.09.2024
1249,28.09.2024
1081,30.09.2024
631,30.09.2024
1226,1.10.2024
852,3.10.2024
1258,3.10.2024
723,4.10.2024
1096,5.10.2024
2652,5.10.2024
672,5.10.2024
1124,7.10.2024
2338,9.10.2024
1517,9.10.2024
1115,10.10.2024
502,10.10.2024
575,11.10.2024
259,11.10.2024
1244,12.10.2024
3094,14.10.2024
"3359,5",15.10.2024
2173,16.10.2024
603,16.10.2024
635,16.10.2024
897,17.10.2024
801,17.10.2024
676,17.10.2024
753,18.10.2024
995,18.10.2024
444,18.10.2024
435,18.10.2024
2289,20.10.2024
1070,21.10.2024
1105,22.10.2024
455,22.10.2024
1105,23.10.2024
308,24.10.2024
569,24.10.2024
606,25.10.2024
1863,25.10.2024
3556,26.10.2024
"7503,5",26.10.2024
799,28.10.2024
508,28.10.2024
966,29.10.2024
1540,31.10.2024
814,31.10.2024
1986,4.11.2024
293,4.11.2024
715,4.11.2024
978,6.11.2024
1086,6.11.2024
1156,6.11.2024
3862,7.11.2024
1468,7.11.2024
2682,8.11.2024
1124,9.11.2024
1834,12.11.2024
634,12.11.2024
825,12.11.2024
1682,12.11.2024
2558,13.11.2024
695,13.11.2024
1022,13.11.2024
2016,14.11.2024
1191,14.11.2024
1673,15.11.2024
660,16.11.2024
1233,18.11.2024
2484,18.11.2024
765,18.11.2024
1895,19.11.2024
940,20.11.2024
2200,21.11.2024
1404,22.11.2024
698,23.11.2024
159,23.11.2024
2101,23.11.2024
1740,25.11.2024
3974,25.11.2024
4022,25.11.2024
2125,26.11.2024
5204,26.11.2024
1810,27.11.2024
676,28.11.2024
1705,4.12.2024
767,4.12.2024
2211,4.12.2024
1634,5.12.2024
858,6.12.2024
825,7.12.2024
3107,7.12.2024
1457,9.12.2024
1497,10.12.2024
3073,10.12.2024
2098,11.12.2024
520,13.12.2024
625,13.12.2024
3801,13.12.2024
297,16.12.2024
3347,18.12.2024
3639,19.12.2024
1945,19.12.2024
4086,20.12.2024
1184,20.12.2024
2453,3.01.2025
779,4.01.2025
1045,8.01.2025
1161,8.01.2025
963,11.01.2025
773,11.01.2025
1892,11.01.2025
234,13.01.2025
6757,15.01.2025
2073,17.01.2025
581,18.01.2025
1888,18.01.2025
1200,21.01.2025
566,22.01.2025
1385,23.01.2025
1087,23.01.2025
1250,23.01.2025
348,23.01.2025
1963,25.01.2025
767,25.01.2025
2080,27.01.2025
2384,27.01.2025
5413,28.01.2025
993,28.01.2025
538,29.01.2025
601,31.01.2025
791,31.01.2025
841,1.02.2025
708,1.02.2025
903,1.02.2025
1462,4.02.2025
896,5.02.2025
948,8.02.2025
3094,14.02.2025
812,15.02.2025
2173,17.02.2025
3112,18.02.2025
1594,18.02.2025
1029,19.02.2025
930,19.02.2025
1113,21.02.2025
811,21.02.2025
1812,22.02.2025
859,22.02.2025
730,24.02.2025
952,25.02.2025
2110,1.03.2025
1132,1.03.2025
876,1.03.2025
1014,3.03.2025
1768,4.03.2025
677,5.03.2025
703,5.03.2025
1167,5.03.2025
516,6.03.2025
731,7.03.2025
2010,8.03.2025
935,10.03.2025
382,10.03.2025
1186,10.03.2025
649,10.03.2025
790,11.03.2025
707,11.03.2025
989,11.03.2025
575,12.03.2025
807,12.03.2025
1479,12.03.2025
4935,13.03.2025
903,13.03.2025
919,13.03.2025
3937,14.03.2025
1146,14.03.2025
1123,14.03.2025
1656,15.03.2025
1925,15.03.2025
1061,15.03.2025
909,17.03.2025
446,17.03.2025
1587,17.03.2025
1333,18.03.2025
937,19.03.2025
1415,19.03.2025
815,20.03.2025
766,20.03.2025
847,21.03.2025
836,21.03.2025
687,22.03.2025
819,22.03.2025
1933,22.03.2025
1235,22.03.2025
908,24.03.2025
1214,24.03.2025
1250,26.03.2025
1493,26.03.2025
979,27.03.2025
754,27.03.2025
3029,27.03.2025
963,27.03.2025
839,27.03.2025
914,28.03.2025
948,28.03.2025
903,29.03.2025
735,29.03.2025
757,29.03.2025
1119,31.03.2025
1078,31.03.2025
1171,31.03.2025
462,1.04.2025
1128,1.04.2025
3188,1.04.2025
262,2.04.2025
568,3.04.2025
416,4.04.2025
901,5.04.2025
830,5.04.2025
749,5.04.2025
1412,7.04.2025
791,7.04.2025
2943,7.04.2025
598,7.04.2025
1122,9.04.2025
1310,9.04.2025
1095,9.04.2025
1932,10.04.2025
860,10.04.2025
1005,11.04.2025
880,12.04.2025
1822,12.04.2025
1477,12.04.2025
1624,15.04.2025
2022,23.04.2025
1137,24.04.2025
917,24.04.2025
1233,25.04.2025
657,26.04.2025
578,29.04.2025
691,29.04.2025
1429,29.04.2025
723,30.04.2025
851,30.04.2025
385,30.04.2025
669,1.05.2025
605,2.05.2025
1804,5.05.2025
1728,6.05.2025
299,8.05.2025
1009,8.05.2025
280,8.05.2025
862,9.05.2025
801,9.05.2025
794,10.05.2025
697,12.05.2025
929,12.05.2025
3055,13.05.2025
468,14.05.2025
1339,14.05.2025
1868,15.05.2025
479,15.05.2025
2226,16.05.2025
2245,16.05.2025
956,17.05.2025
1734,17.05.2025
1303,19.05.2025
394,20.05.2025
725,21.05.2025
1653,23.05.2025
390,24.05.2025
"1157,5",26.05.2025
954,26.05.2025
1013,27.05.2025
847,27.05.2025
1006,28.05.2025
"4398,5",30.05.2025
"3058,5",31.05.2025
1276,2.06.2025
1064,4.06.2025
997,4.06.2025
1131,7.06.2025
185,7.06.2025
693,10.06.2025
664,10.06.2025
591,14.06.2025
340,14.06.2025
733,16.06.2025
498,18.06.2025
407,20.06.2025
832,21.06.2025
1347,21.06.2025
773,23.06.2025
1325,27.06.2025
1065,19.07.2025
965,24.07.2025
2853,25.07.2025
1463,25.07.2025
624,23.08.2025
